cumulative_flops,cumulative_flops_val_sync,decoder_loss,epoch,step,train/gradient_norm,train_loss,val/decoder_loss,val_loss
1297350572113920.0,,28.67317771911621,1,49,27.1217041015625,1.255328893661499,,
2594701144227840.0,,8.852058410644531,3,99,26.807456970214844,0.9150117039680481,,
3892051850559488.0,,4.0516839027404785,5,149,29.995893478393555,0.6274839639663696,,
5189402288455680.0,,3.2362754344940186,6,199,23.013111114501953,0.4895448088645935,,
6486752994787328.0,,2.2585766315460205,8,249,53.92979431152344,0.389782577753067,,
7784103701118976.0,,2.0860743522644043,10,299,42.66633605957031,0.33837342262268066,,
9081453870579712.0,,1.6149957180023193,12,349,28.954092025756836,0.24371269345283508,,
1.037880457691136e+16,,1.2926805019378662,13,399,14.909221649169922,0.23913578689098358,,
1.1676155283243008e+16,,1.5840039253234863,15,449,28.298410415649414,0.19666185975074768,,
1.2973505989574656e+16,,1.3200050592422485,17,499,30.489870071411133,0.16968782246112823,,
1.4270856695906304e+16,,1.6830575466156006,18,549,19.62681770324707,0.15172284841537476,,
1.5568207402237952e+16,,1.6180371046066284,20,599,28.04459571838379,0.20013576745986938,,
1.68655581085696e+16,,0.9975129961967468,22,649,14.632637023925781,0.15628184378147125,,
1.8162907741159424e+16,,1.0450994968414307,24,699,19.385459899902344,0.11312143504619598,,
1.946025844749107e+16,,0.9122500419616699,25,749,18.218860626220703,0.11911636590957642,,
2.075760915382272e+16,,0.8865984082221985,27,799,14.324824333190918,0.10071489214897156,,
2.205495986015437e+16,,0.8430303335189819,29,849,11.30237102508545,0.09089319407939911,,
2.3352310566486016e+16,,1.0647929906845093,31,899,12.43421459197998,0.08353839814662933,,
2.4649661272817664e+16,,0.7662275433540344,32,949,12.315068244934082,0.10609391331672668,,
2.594701197914931e+16,,0.760057806968689,34,999,12.92138671875,0.09724562615156174,,
,2.594701197914931e+16,,34,999,,,25.359569549560547,0.6865057945251465
2.724436268548096e+16,,0.9336212873458862,36,1049,10.39533519744873,0.08292192220687866,,
2.854171339181261e+16,,0.9914067387580872,37,1099,11.15516185760498,0.05883350968360901,,
2.9839064098144256e+16,,0.8975228667259216,39,1149,9.774704933166504,0.06270970404148102,,
3.1136414804475904e+16,,0.7932255864143372,41,1199,17.882291793823242,0.0637398362159729,,
3.243376551080755e+16,,0.6583746671676636,43,1249,6.906144618988037,0.07386823743581772,,
3.37311162171392e+16,,0.8955749273300171,44,1299,11.394007682800293,0.08594508469104767,,
3.502846692347085e+16,,0.862201452255249,46,1349,9.660335540771484,0.0747232437133789,,
3.632581548231885e+16,,1.2067549228668213,48,1399,19.17169761657715,0.07778281718492508,,
3.76231661886505e+16,,0.6562671661376953,49,1449,8.48522663116455,0.05053500086069107,,
3.892051689498214e+16,,0.8328326344490051,51,1499,12.030406951904297,0.08444344997406006,,
4.021786760131379e+16,,0.733443021774292,53,1549,7.470530986785889,0.06950068473815918,,
4.151521830764544e+16,,0.7255405187606812,55,1599,7.944655895233154,0.04662996158003807,,
4.281256901397709e+16,,0.7288437485694885,56,1649,7.158738613128662,0.07663413882255554,,
4.410991972030874e+16,,0.6938378214836121,58,1699,5.848622798919678,0.07124552875757217,,
4.540727042664038e+16,,0.6521889567375183,60,1749,6.583446502685547,0.06744815409183502,,
4.670462113297203e+16,,0.8238264918327332,62,1799,6.709583759307861,0.0406181737780571,,
4.800197183930368e+16,,0.6620803475379944,63,1849,6.863860130310059,0.05849931761622429,,
4.929932254563533e+16,,0.9077767133712769,65,1899,7.635256767272949,0.059700608253479004,,
5.059667325196698e+16,,0.8564555048942566,67,1949,7.3540873527526855,0.0473114475607872,,
5.189402395829862e+16,,1.370011806488037,68,1999,11.114619255065918,0.05122501403093338,,
,5.189402395829862e+16,,68,1999,,,28.305896759033203,0.6175034642219543
5.319137466463027e+16,,0.8255922198295593,70,2049,6.936850070953369,0.05312175303697586,,
5.448872537096192e+16,,0.7073037028312683,72,2099,17.177640914916992,0.05185672640800476,,
5.578607607729357e+16,,0.6936258673667908,74,2149,8.995550155639648,0.03998667746782303,,
5.708342678362522e+16,,0.5773846507072449,75,2199,5.066629409790039,0.04276607185602188,,
5.838077748995686e+16,,0.6496481895446777,77,2249,5.682882308959961,0.039891842752695084,,
5.967812819628851e+16,,0.6531659364700317,79,2299,8.481976509094238,0.03125976398587227,,
6.097547890262016e+16,,0.8202207684516907,81,2349,5.874033451080322,0.032133325934410095,,
6.227282960895181e+16,,0.5942676663398743,82,2399,8.404547691345215,0.03875156491994858,,
6.357018031528346e+16,,0.6059949994087219,84,2449,4.553669452667236,0.03429693356156349,,
6.48675310216151e+16,,0.7997990846633911,86,2499,6.629733562469482,0.03473106026649475,,
6.616488172794675e+16,,0.8825721144676208,87,2549,6.233920574188232,0.027224712073802948,,
6.74622324342784e+16,,0.7832381725311279,89,2599,4.754861354827881,0.024522099643945694,,
6.875958314061005e+16,,0.6710851788520813,91,2649,10.173097610473633,0.026269327849149704,,
7.00569338469417e+16,,0.5850973725318909,93,2699,6.38915491104126,0.030025815591216087,,
7.135428455327334e+16,,0.759756326675415,94,2749,5.2155985832214355,0.028858717530965805,,
7.26516309646377e+16,,0.7720543742179871,96,2799,5.726095199584961,0.02818022109568119,,
7.394898596593664e+16,,1.0782365798950195,98,2849,10.196799278259277,0.028375377878546715,,
7.5246332377301e+16,,0.5854122042655945,99,2899,4.235111713409424,0.019667528569698334,,
7.654368737859994e+16,,0.7526927590370178,101,2949,6.4035749435424805,0.030195679515600204,,
7.784103378996429e+16,,0.6962442398071289,103,2999,9.536978721618652,0.026567451655864716,,
,7.784103378996429e+16,,103,2999,,,30.53513526916504,0.5748615860939026
7.913838879126323e+16,,0.6621999740600586,105,3049,6.150516033172607,0.016722505912184715,,
8.043573520262758e+16,,0.6858828067779541,106,3099,8.1013822555542,0.034509941935539246,,
8.173309020392653e+16,,0.6351140141487122,108,3149,5.5386552810668945,0.02898663841187954,,
8.303043661529088e+16,,0.5939642190933228,110,3199,5.049914836883545,0.028805401176214218,,
8.432779161658982e+16,,0.753471851348877,112,3249,5.854798793792725,0.015089970082044601,,
8.562513802795418e+16,,0.6247228980064392,113,3299,5.607987403869629,0.01782928593456745,,
8.692249302925312e+16,,0.8303400278091431,115,3349,7.374022960662842,0.027013719081878662,,
8.821983944061747e+16,,0.8317517042160034,117,3399,11.2058744430542,0.017989927902817726,,
8.951719444191642e+16,,1.3284215927124023,118,3449,7.2412214279174805,0.02048511803150177,,
9.081454085328077e+16,,0.7870388627052307,120,3499,4.468162536621094,0.02485721744596958,,
9.211189585457971e+16,,0.6002388596534729,122,3549,5.10579776763916,0.018994294106960297,,
9.340924226594406e+16,,0.6225221753120422,124,3599,3.8265836238861084,0.01965562254190445,,
9.4706597267243e+16,,0.571451723575592,125,3649,10.809598922729492,0.01367599330842495,,
9.600394367860736e+16,,0.656325101852417,127,3699,13.559212684631348,0.018926938995718956,,
9.73012986799063e+16,,0.6120959520339966,129,3749,5.735559940338135,0.014488304033875465,,
9.859864509127066e+16,,0.792335033416748,131,3799,5.36027193069458,0.01837429776787758,,
9.98960000925696e+16,,0.5592494606971741,132,3849,4.512871265411377,0.017443275079131126,,
1.0119334650393395e+17,,0.5844687223434448,134,3899,6.240756034851074,0.012002412229776382,,
1.024906929152983e+17,,0.7234838604927063,136,3949,3.8512370586395264,0.02064940519630909,,
1.0378804791659725e+17,,0.8548135757446289,137,3999,9.454047203063965,0.018381506204605103,,
,1.0378804791659725e+17,,137,3999,,,29.796585083007812,0.5394983291625977
1.050853943279616e+17,,0.7532238364219666,139,4049,5.429962635040283,0.014394823461771011,,
1.0638274932926054e+17,,0.6199634671211243,141,4099,5.446562767028809,0.012288806959986687,,
1.076800957406249e+17,,0.5409467816352844,143,4149,4.973618984222412,0.015003914944827557,,
1.0897745074192384e+17,,0.7129431962966919,144,4199,7.511918067932129,0.018276087939739227,,
1.102747971532882e+17,,0.7380378842353821,146,4249,5.569943428039551,0.015380354598164558,,
1.1157215215458714e+17,,1.0288944244384766,148,4299,4.785305976867676,0.016843242570757866,,
1.1286949856595149e+17,,0.5711068511009216,149,4349,4.497283935546875,0.01583852991461754,,
1.1416685356725043e+17,,0.7051352262496948,151,4399,6.045984745025635,0.01872549206018448,,
1.1546419997861478e+17,,0.6379837393760681,153,4449,3.9409162998199463,0.014589548110961914,,
1.1676155497991373e+17,,0.6428737640380859,155,4499,4.73266077041626,0.010507822968065739,,
1.1805890139127808e+17,,0.6339102387428284,156,4549,4.701056957244873,0.02469324879348278,,
1.1935625639257702e+17,,0.5969903469085693,158,4599,4.20585298538208,0.017115481197834015,,
1.2065360280394138e+17,,0.5497387051582336,160,4649,4.813791275024414,0.020654667168855667,,
1.2195095780524032e+17,,0.7053882479667664,162,4699,8.59654712677002,0.012468686327338219,,
1.2324830421660467e+17,,0.5946764945983887,163,4749,5.177722454071045,0.011318504810333252,,
1.2454565921790362e+17,,0.7589130997657776,165,4799,5.205105304718018,0.02130293846130371,,
1.2584300562926797e+17,,0.7955014109611511,167,4849,7.1749162673950195,0.013427196070551872,,
1.2714036063056691e+17,,1.2764523029327393,168,4899,4.817030429840088,0.015679746866226196,,
1.2843770704193126e+17,,0.758727490901947,170,4949,5.341036319732666,0.019243348389863968,,
1.297350620432302e+17,,0.5807285904884338,172,4999,5.2703728675842285,0.013939815573394299,,
,1.297350620432302e+17,,172,4999,,,29.686992645263672,0.47998684644699097
1.3103240845459456e+17,,0.6123958826065063,174,5049,4.963322162628174,0.016542445868253708,,
1.323297634558935e+17,,0.5188050270080566,175,5099,4.10246467590332,0.010894427075982094,,
1.3362710986725786e+17,,0.6102948188781738,177,5149,8.567513465881348,0.015107797458767891,,
1.349244648685568e+17,,0.5809084177017212,179,5199,5.767332553863525,0.012468606233596802,,
1.3622181127992115e+17,,0.756459653377533,181,5249,6.190425395965576,0.016769640147686005,,
1.375191662812201e+17,,0.5483585596084595,182,5299,8.076505661010742,0.014374947175383568,,
1.3881651269258445e+17,,0.5672705173492432,184,5349,7.739399433135986,0.010247258469462395,,
1.401138676938834e+17,,0.7005215883255005,186,5399,4.226493835449219,0.020982302725315094,,
1.4141121410524774e+17,,0.8063204288482666,187,5449,6.979439735412598,0.016553107649087906,,
1.4270856910654669e+17,,0.7771462202072144,189,5499,7.385657787322998,0.01691202074289322,,
1.4400591551791104e+17,,0.5834528207778931,191,5549,5.284517288208008,0.01144336722791195,,
1.453032619292754e+17,,0.5190111398696899,193,5599,4.834299087524414,0.013274312019348145,,
1.4660061693057434e+17,,0.6278748512268066,194,5649,4.215129375457764,0.017849693074822426,,
1.4789797193187328e+17,,0.7065972089767456,196,5699,4.124621868133545,0.01470249891281128,,
1.4919532693317222e+17,,0.9571678042411804,198,5749,4.748273849487305,0.016911083832383156,,
1.50492664754602e+17,,0.5594568252563477,199,5799,5.281519412994385,0.014219037257134914,,
1.5179001975590093e+17,,0.6804395914077759,201,5849,6.104322910308838,0.01876603253185749,,
1.5308737475719987e+17,,0.6234602332115173,203,5899,5.409469127655029,0.012671740725636482,,
1.5438471257862963e+17,,0.604072093963623,205,5949,4.937845706939697,0.010164028033614159,,
1.5568206757992858e+17,,0.6150305867195129,206,5999,5.540391445159912,0.01845649629831314,,
,1.5568206757992858e+17,,206,5999,,,27.644489288330078,0.3896588981151581
1.5697942258122752e+17,,0.5762182474136353,208,6049,4.24458646774292,0.015047258697450161,,
1.5827677758252646e+17,,0.5190041661262512,210,6099,5.324713706970215,0.015954937785863876,,
1.5957411540395622e+17,,0.6762857437133789,212,6149,5.568008899688721,0.013182191178202629,,
1.6087147040525517e+17,,0.5656842589378357,213,6199,4.0085835456848145,0.011444279924035072,,
1.621688254065541e+17,,0.7334836721420288,215,6249,5.839608192443848,0.020307231694459915,,
1.6346618040785306e+17,,0.7390066385269165,217,6299,5.338597297668457,0.014017939567565918,,
1.647635182292828e+17,,1.2616441249847412,218,6349,4.354215621948242,0.01603008806705475,,
1.6606087323058176e+17,,0.7471219897270203,220,6399,4.382082462310791,0.015518609434366226,,
1.673582282318807e+17,,0.566220760345459,222,6449,6.885871887207031,0.011349955573678017,,
1.6865558323317965e+17,,0.5790108442306519,224,6499,3.4583609104156494,0.013749215751886368,,
1.699529210546094e+17,,0.48832178115844727,225,6549,3.894669532775879,0.011117457412183285,,
1.7125027605590835e+17,,0.5719916224479675,227,6599,8.396808624267578,0.012928655371069908,,
1.725476310572073e+17,,0.546891987323761,229,6649,4.356349468231201,0.012567700818181038,,
1.7384498605850624e+17,,0.7194637656211853,231,6699,5.963689804077148,0.014927410520613194,,
1.75142323879936e+17,,0.49853914976119995,232,6749,5.825425148010254,0.012911256402730942,,
1.7643967888123494e+17,,0.5535287857055664,234,6799,8.135245323181152,0.010178280994296074,,
1.777370338825339e+17,,0.676703155040741,236,6849,4.814835548400879,0.01591060683131218,,
1.7903438888383283e+17,,0.7912095785140991,237,6899,3.789860248565674,0.013368053361773491,,
1.803317267052626e+17,,0.7450355887413025,239,6949,6.17596960067749,0.014314025640487671,,
1.8162908170656154e+17,,0.5692294836044312,241,6999,4.511950492858887,0.013433808460831642,,
,1.8162908170656154e+17,,241,6999,,,27.538305282592773,0.2977241277694702
1.8292643670786048e+17,,0.5158767700195312,243,7049,3.8849761486053467,0.012780052609741688,,
1.8422379170915942e+17,,0.6261228322982788,244,7099,4.041530609130859,0.016796953976154327,,
1.855211295305892e+17,,0.6955074071884155,246,7149,5.5150933265686035,0.013621100224554539,,
1.8681848453188813e+17,,0.9197532534599304,248,7199,4.271810531616211,0.017565511167049408,,
1.8811583953318707e+17,,0.5379091501235962,249,7249,6.555201053619385,0.010789802297949791,,
1.89413194534486e+17,,0.6182407736778259,251,7299,6.608314514160156,0.014690548181533813,,
1.9071053235591578e+17,,0.6083089709281921,253,7349,4.657145023345947,0.010424585081636906,,
1.9200788735721472e+17,,0.602592408657074,255,7399,6.032358169555664,0.01076542865484953,,
1.9330524235851366e+17,,0.5968596935272217,256,7449,3.617697238922119,0.012616376392543316,,
1.946025973598126e+17,,0.5563080310821533,258,7499,3.367370843887329,0.012557875365018845,,
1.9589993518124237e+17,,0.5067145228385925,260,7549,3.8669936656951904,0.01263849250972271,,
1.971972901825413e+17,,0.6389641165733337,262,7599,7.941956520080566,0.014657753519713879,,
1.9849464518384026e+17,,0.5536949634552002,263,7649,4.497610569000244,0.010289222002029419,,
1.997920001851392e+17,,0.673562228679657,265,7699,4.4168596267700195,0.01650942675769329,,
2.0108933800656896e+17,,0.6616730093955994,267,7749,8.590018272399902,0.015557105652987957,,
2.023866930078679e+17,,1.2443923950195312,268,7799,4.700476169586182,0.014887524768710136,,
2.0368404800916685e+17,,0.7286337018013,270,7849,4.640151023864746,0.011710481718182564,,
2.049813858305966e+17,,0.5393102765083313,272,7899,2.912703514099121,0.00980670191347599,,
2.0627874083189555e+17,,0.5631415843963623,274,7949,4.238719463348389,0.01238952949643135,,
2.075760958331945e+17,,0.47244977951049805,275,7999,4.392449855804443,0.01114044338464737,,
,2.075760958331945e+17,,275,7999,,,26.643823623657227,0.24219146370887756
