ref,pert,pearson_full,pearson_top500,sign_agree_top200,sign_cos_top200,h1_l1,ref_l1
k562_gwps,ACAT2,0.16532877491809,0.2813193164996426,0.26190478,0.261904776096344,539.32166,282.44775
k562_gwps,ACVR1B,0.020569088755712367,0.12569460647052255,-0.15113351,-0.15113350749015808,275.6178,226.15067
k562_gwps,AKT2,0.07090068493341044,0.1434354311794685,0.0927835,0.09278350323438644,277.1426,381.39807
k562_gwps,ARID1A,0.09407947140461445,0.15322544440520344,-0.0025510204,-0.0025510203558951616,518.21716,237.4692
k562_gwps,ATM,0.06490344221039263,0.07395802526194914,0.18527919,0.18527919054031372,656.66254,265.20624
k562_gwps,ATP6V0B,0.17483344553555877,0.32025276643738376,0.08974359,0.08974359184503555,380.53754,211.93808
k562_gwps,ATP6V0C,0.019719378773744065,0.010479537945852855,0.01511335,0.015113350003957748,1066.6549,495.68658
k562_gwps,BIRC2,0.05018951189114509,0.13517232275384164,-0.0077120825,-0.007712082471698523,532.73035,202.70435
k562_gwps,BRD9,0.06385114014624947,0.029678344448379163,0.15482233,0.15482233464717865,953.08374,407.476
k562_gwps,C1QBP,0.3788350617795181,0.28577492424090056,0.6550802,0.6550801992416382,626.7134,334.65753
k562_gwps,CALM3,0.10795250864601431,0.13134099420397874,0.13043478,0.1304347813129425,401.40695,377.56573
k562_gwps,CASP2,0.05116417929844038,0.0283886086239364,0.047858942,0.04785894230008125,167.50473,261.97556
k562_gwps,CASP3,0.0783534758853399,0.1663527987759678,0.11764706,0.11764705926179886,802.2093,231.49742
k562_gwps,CAST,-0.04631046057780279,-0.054382384690484634,0.15384616,0.1538461595773697,337.5499,334.2421
k562_gwps,CDCA2,0.05183020539218386,0.13482086457944106,-0.03517588,-0.035175878554582596,213.50089,295.4079
k562_gwps,CENPO,0.09037269311545397,0.2137084047533662,0.010204081,0.010204081423580647,297.83835,229.34607
k562_gwps,CHMP3,0.016439599481750167,0.02045633203300177,0.0,0.0,390.7771,592.7069
k562_gwps,CLDN6,0.035271650321504124,0.025945619719761413,0.18686868,0.18686868250370026,229.63225,320.59705
k562_gwps,CLDN7,0.02821890877174633,0.0629571135191483,0.03787879,0.03787878900766373,229.35458,288.21814
k562_gwps,CREG1,0.13729541659001673,0.24665739439563691,0.12562814,0.12562814354896545,131.32643,197.46289
k562_gwps,DAXX,0.15290662580414496,0.23428201180087982,0.19791667,0.1979166716337204,284.6159,221.75433
k562_gwps,DHCR24,0.13983142167690588,0.21568671577942178,-0.007614213,-0.007614213041961193,219.41368,270.90054
k562_gwps,DHX36,0.30325384640744724,0.4180908259975611,0.5445026,0.5445026159286499,1279.046,348.00055
k562_gwps,DLG5,0.04653487613397402,0.13194613784202233,-0.030612245,-0.030612245202064514,345.2914,234.46336
k562_gwps,DNAJA3,0.34728670487136637,0.3884155175283732,0.60784316,0.6078431606292725,1354.553,525.63794
k562_gwps,DNMT1,0.12418731174791614,0.1445664980992577,0.20565553,0.2056555300951004,1217.1913,319.76025
k562_gwps,EID2,0.03636708982040789,0.0394226867639959,0.08101266,0.08101265877485275,182.26111,291.40103
k562_gwps,EIF4B,0.21515659185607192,0.3393908404811619,0.26233765,0.26233765482902527,503.79773,352.22852
k562_gwps,EPB41L2,0.1723086197860826,0.22843262683337973,0.29815304,0.2981530427932739,1054.3738,262.6617
k562_gwps,EPHB4,0.06867812973487168,0.1231376196283087,0.17585301,0.17585301399230957,773.07654,210.03168
k562_gwps,ETV4,0.1956222489374307,0.2061214310331773,0.26142132,0.2614213228225708,820.8019,773.5987
k562_gwps,EWSR1,0.18797376889872228,0.3310447119078451,0.30788803,0.3078880310058594,838.9225,293.01965
k562_gwps,FDPS,0.08588911915803961,0.08313996768129055,0.19592875,0.19592875242233276,1123.9965,821.5751
k562_gwps,FOXH1,-0.023667065088582778,-0.031718339492196795,-0.04761905,-0.0476190485060215,230.32674,190.73239
k562_gwps,GSK3B,0.0671753564802458,0.0951079314123877,0.07672634,0.07672633975744247,470.17007,322.0114
k562_gwps,HAT1,0.057613137090090895,0.09568003097063804,0.10941476,0.10941475629806519,286.0247,634.4069
k562_gwps,HIRA,0.04986756825846706,0.07526328859595553,0.04871795,0.04871794953942299,231.61523,179.34982
k562_gwps,HMGB2,0.20326256835632656,0.5285784629212085,-0.051413883,-0.0514138825237751,453.0842,212.29459
k562_gwps,HMGN1,0.4162006356182513,0.5856094893637416,0.13705584,0.13705584406852722,137.0036,242.25331
k562_gwps,HSBP1,0.2404725172517757,0.35481770936915125,0.29792747,0.29792746901512146,721.4182,275.00485
k562_gwps,IDE,0.08766184533348793,0.1354051489007353,-0.04568528,-0.04568528011441231,136.25632,198.80621
k562_gwps,IGF2R,0.09859546884017047,0.11456976814017378,0.13670886,0.13670885562896729,146.31561,211.04529
k562_gwps,IKBKG,0.006527899902910727,0.021280725795702532,-0.030379746,-0.030379746109247208,279.09222,233.04062
k562_gwps,INSIG1,0.1500411999395194,0.2300359269017642,0.25396827,0.2539682686328888,657.1258,323.14282
k562_gwps,IRF3,0.17350164357299105,0.3323902132876466,-0.038265307,-0.03826530650258064,170.65813,176.6395
k562_gwps,KAT2A,0.04975197753398744,0.0431137076950241,0.1122449,0.11224489659070969,971.81055,339.83728
k562_gwps,KDM1A,0.35118025620891125,0.3252720742234655,0.42746115,0.4274611473083496,2727.5635,801.80884
k562_gwps,KDM2B,0.053051600765307204,0.032429339953460846,0.10886076,0.10886076092720032,326.13742,191.25552
k562_gwps,KIF1B,0.08833540105286566,0.16129422421745318,-0.050632913,-0.050632912665605545,119.07052,197.48074
k562_gwps,KIF20A,0.19186353575326315,0.23804604884764557,0.31958762,0.3195876181125641,1201.2542,382.86377
k562_gwps,KLF10,0.055463974888667,-0.005224824792979406,0.17336683,0.17336682975292206,427.0441,149.23474
k562_gwps,LRPPRC,0.27088389165720067,0.3848125364958243,0.30645162,0.30645161867141724,537.3006,379.68182
k562_gwps,LZTR1,0.07400234389423563,0.09130706665081986,0.15143603,0.15143603086471558,528.3227,280.83688
k562_gwps,MAP1B,0.09404623884139034,0.3540699852694894,-0.21265823,-0.21265822649002075,208.19412,241.63593
k562_gwps,MAP3K7,0.04544458604889875,0.09374361246362141,0.0,0.0,147.09042,251.6474
k562_gwps,MAPKAPK2,0.0975540097342726,0.15520945069676487,0.15656565,0.15656565129756927,119.517685,291.549
k562_gwps,MAST2,0.030373972882427755,0.03680076724505048,0.06818182,0.06818182021379471,196.26912,278.38028
k562_gwps,MAU2,0.14748040436983834,0.1428540543857909,0.2741117,0.27411168813705444,1009.85596,460.42096
k562_gwps,MBTPS1,0.18119526585626447,0.3116755311708991,0.13661203,0.13661202788352966,802.4983,291.54837
k562_gwps,MED1,0.21511767054667963,-0.024977607952072666,0.4792746,0.47927460074424744,801.28455,456.81415
k562_gwps,MED12,0.08808752306597631,0.015007944735934958,0.2437186,0.24371859431266785,368.30402,1152.2773
k562_gwps,MED13,0.07464853451579816,0.09283573468406167,0.12594458,0.125944584608078,403.7724,237.93205
k562_gwps,MED13L,0.05334257535307377,0.06036568989897974,0.07106599,0.0710659921169281,229.34845,319.38144
k562_gwps,MED24,0.12670135454637893,0.023027177650492885,0.2556962,0.25569620728492737,1058.5991,648.2025
k562_gwps,METTL14,0.336341626923465,0.48438741724696976,0.6147757,0.6147757172584534,2425.7134,356.37897
k562_gwps,METTL17,0.14632487133548314,0.23839465298697918,0.25729442,0.2572944164276123,742.5851,251.70709
k562_gwps,METTL3,0.3298886385564607,0.4783308891518309,0.5963542,0.5963541865348816,2403.0854,302.28003
k562_gwps,MKI67,0.1740831742673551,0.34153242326045763,0.0075949365,0.007594936527311802,286.8509,225.72592
k562_gwps,MTA1,0.18851577318701854,0.3558721794809776,0.010335918,0.010335917584598064,307.53705,274.86163
k562_gwps,NCK2,0.0332918673468307,0.037026376247810515,0.12755102,0.12755101919174194,100.373245,193.78587
k562_gwps,NDUFB4,0.1733451831279953,0.4824458828319219,-0.093023255,-0.09302325546741486,308.72278,244.89336
k562_gwps,NDUFB6,0.15016241980927736,0.4768447160395498,-0.08418367,-0.08418367058038712,330.33038,183.44731
k562_gwps,NISCH,0.1128846365183102,0.21487705679649807,0.017948719,0.01794871874153614,284.55414,166.13118
k562_gwps,NIT1,0.007001717833542744,0.07462790869204006,-0.053299494,-0.053299494087696075,1059.167,210.93684
k562_gwps,NRAS,0.1201698353766181,0.17987629701912014,0.091836736,0.09183673560619354,179.29936,217.26251
k562_gwps,OXA1L,0.3436972658487984,0.3398759566051015,0.58152175,0.58152174949646,1349.117,528.35956
k562_gwps,OXCT1,0.22643813391432235,0.2890945923005524,0.29787233,0.2978723347187042,497.94592,209.4851
k562_gwps,PAGR1,0.11211106655216042,0.27703779402410167,0.08816121,0.08816120773553848,244.18466,236.7717
k562_gwps,PBX1,-0.0035264025936045,0.011942787574565166,-0.042821158,-0.04282115772366524,147.802,200.8105
k562_gwps,PHF10,0.19153050262922117,0.20737664927850244,0.2757732,0.27577319741249084,524.55475,357.2859
k562_gwps,PHF14,0.16418725340062235,0.23841135661307797,0.1721519,0.17215189337730408,326.7809,278.8505
k562_gwps,PLCB3,-0.02291984368126012,0.0018368026917152704,-0.010230179,-0.010230178944766521,316.30157,341.32623
k562_gwps,PMS1,0.07208678320671599,0.14607861308444686,0.005037783,0.005037783179432154,142.96251,351.71213
k562_gwps,POLB,0.02945219442059446,0.0050196291832035065,0.11139241,0.11139240860939026,239.2138,386.34125
k562_gwps,PRCP,0.08344550486000714,0.1312826147292623,0.08080808,0.08080808073282242,108.81564,173.02554
k562_gwps,PRDM14,0.10221957455021624,0.11500024576880491,0.1336761,0.13367609679698944,2660.8545,260.25574
k562_gwps,PRR12,0.036015881923419375,0.08907449583274747,0.048469387,0.048469386994838715,351.02502,272.5138
k562_gwps,PTPN1,0.07017777140679239,0.13111750845795453,0.103535354,0.10353535413742065,115.83929,455.2982
k562_gwps,RAF1,0.020984078956114177,0.02967648751032458,-0.08312342,-0.08312342315912247,285.638,290.18402
k562_gwps,RNF2,0.0011156153814111188,0.024057882207588338,-0.09620253,-0.09620252996683121,712.3932,306.3783
k562_gwps,RNF20,0.22121049059361775,0.2680636428129343,0.37209302,0.3720930218696594,2137.4812,585.9882
k562_gwps,RRM1,0.041547202532426636,0.03703626164603738,0.0,0.0,384.6637,400.6939
k562_gwps,SAFB,0.14128540217720703,0.2266379780965619,0.18798956,0.18798956274986267,531.4162,342.5266
k562_gwps,SALL4,0.016733917105139433,-0.0015150305708400919,0.04761905,0.0476190485060215,1174.1462,399.25986
k562_gwps,SDC1,0.26064597793336236,0.30987250143530004,0.397878,0.3978779911994934,537.1478,269.99078
k562_gwps,SEC62,0.03546543509317276,0.07106738603293368,-0.0051020407,-0.005102040711790323,995.8467,822.1421
k562_gwps,SHPRH,0.17233542672460664,0.21190686962320746,0.22797927,0.22797927260398865,402.99295,240.27408
k562_gwps,SIN3B,0.20662227999722405,0.2804194655960055,0.36675462,0.3667546212673187,1228.7734,399.76566
k562_gwps,SIX4,0.008898274565137013,0.028232250313100025,0.012658228,0.012658228166401386,261.15076,214.77548
k562_gwps,SLC25A3,0.2610606554659038,0.5025102667328799,0.09207161,0.09207160770893097,354.9101,267.59454
k562_gwps,SLC39A6,0.14524896868255804,0.19812671654328384,0.25714287,0.2571428716182709,1581.2957,254.46979
k562_gwps,SMAGP,0.09086850048114012,0.16519363276617638,-0.05867347,-0.058673471212387085,373.12805,203.6449
k562_gwps,SMARCA4,0.09369145272167546,0.13167023036790665,0.18829517,0.1882951706647873,1731.9606,327.67532
k562_gwps,SMARCA5,0.12163070838415385,0.1646607143824276,0.14213198,0.1421319842338562,977.4984,344.03256
k562_gwps,SOX2,0.002250621393768582,0.0879038058184563,-0.015037594,-0.015037594363093376,1097.8475,1186.5579
k562_gwps,SSBP1,0.23698711579207438,0.30781812855668156,0.39210525,0.39210525155067444,423.6704,304.0408
k562_gwps,STAG2,0.008060851069829789,0.22946763759696231,-0.04556962,-0.04556962102651596,716.3636,272.54987
k562_gwps,STAT1,0.1046705185394234,0.16598254320366568,0.10152284,0.10152284055948257,116.34686,289.9077
k562_gwps,STAT6,0.03541888543212034,0.030775813574702514,0.13350126,0.13350126147270203,334.86093,810.60065
k562_gwps,STX4,0.024215101352181,0.05181619862325059,-0.027918782,-0.027918782085180283,282.0889,285.01526
k562_gwps,SUPT4H1,0.21800203351129083,0.060060124694732174,0.4625323,0.46253231167793274,1963.2397,402.04773
k562_gwps,TADA1,0.08732654164468663,0.15772602190648985,0.15167095,0.15167094767093658,777.2776,270.40552
k562_gwps,TAF13,0.20700537253513593,0.35414382812443035,0.3548387,0.35483869910240173,1418.7681,519.46844
k562_gwps,TARBP2,0.023995413534844502,0.07045349113606268,-0.096692115,-0.09669211506843567,195.9061,341.34375
k562_gwps,TAZ,0.12546484470073438,0.18918717511701694,0.224,0.2240000069141388,246.87904,367.1261
k562_gwps,TCF3,0.0783976848729069,0.1409648344873634,0.03324808,0.03324808180332184,200.8162,394.47388
k562_gwps,TET1,0.09317906868887361,0.1468209010634351,0.0867347,0.08673469722270966,232.87286,272.04327
k562_gwps,TFAM,0.22663230002047202,0.3527376437859737,0.12760417,0.1276041716337204,564.0038,338.137
k562_gwps,TMBIM6,0.16253575635686904,0.44105393571350043,-0.08354431,-0.0835443064570427,311.30374,289.04236
k562_gwps,TMSB10,0.34833032185105667,0.45668529725579227,0.34254143,0.3425414264202118,588.4889,200.8581
k562_gwps,TMSB4X,0.3401119445206895,0.5593458070723478,-0.22137405,-0.221374049782753,120.07755,247.79875
k562_gwps,TRAM2,0.0760096073135989,0.1465788135389848,0.23425692,0.23425692319869995,174.28471,208.4112
k562_gwps,TRAPPC6A,0.09185572822172532,0.1521278029092373,0.090439275,0.09043927490711212,486.0088,283.404
k562_gwps,TSC22D4,0.151213937103794,0.1121658501040595,0.2647815,0.26478150486946106,258.07254,202.21045
k562_gwps,TWF2,0.10274704111482968,0.17951430304856614,0.07052897,0.07052896916866302,163.26953,196.03229
k562_gwps,TXNDC9,0.09030681832267702,0.15055376843585846,0.082051285,0.08205128461122513,446.99573,631.3999
k562_gwps,UBE3C,0.1931940384042087,0.15629235783091786,0.35064936,0.350649356842041,467.761,332.26965
k562_gwps,UQCRQ,0.10943904044462253,0.3164851867143422,-0.040920716,-0.040920715779066086,364.0502,356.62164
k562_gwps,USP22,0.12588341005240694,0.18772773259170275,0.11363637,0.11363636702299118,273.35455,237.25119
k562_gwps,WSB2,0.08739266678930807,-0.006811852318681768,0.17391305,0.17391304671764374,483.66534,281.02942
k562_gwps,XRCC4,0.03807286927090657,0.14646412813649357,-0.10941476,-0.10941475629806519,545.1461,220.24402
k562_gwps,ZNF286A,0.02289533592451592,0.038666320148533,0.0075949365,0.007594936527311802,153.4991,290.01666
k562_gwps,ZNF426,0.027468807654157608,0.0570000163324349,0.025188917,0.02518891729414463,152.70477,234.7226
k562_gwps,ZNF562,0.05108064262728662,0.07000270743960059,0.13197969,0.13197968900203705,251.01167,314.18317
k562_gwps,ZNF593,0.11840331231226346,0.23644492240470866,0.030456852,0.030456852167844772,346.44586,200.44891
k562_gwps,ZNF714,0.055980341127326395,0.11153595961067884,0.01511335,0.015113350003957748,178.81268,393.44696
rpe1,ATP6V0B,0.16002577572990442,0.2461113728078327,0.17994858,0.1799485832452774,380.53754,469.97833
rpe1,ATP6V0C,0.1396661975275628,0.2517304563189746,0.21649484,0.2164948433637619,1066.6549,389.52753
rpe1,C1QBP,0.21503760816769388,0.20037427726019114,0.45876288,0.45876288414001465,626.7134,1068.4667
rpe1,CAST,-0.017667068120035694,-0.0786172570096143,0.15649867,0.15649867057800293,337.5499,586.249
rpe1,CHMP3,0.025286685071063023,0.04608985138331687,0.06122449,0.06122449040412903,390.7771,883.366
rpe1,DAXX,0.09935980768542695,0.16396291685688272,0.10909091,0.1090909093618393,284.6159,470.11157
rpe1,DHX36,0.33657235563164234,0.4032843559801007,0.54068244,0.5406824350357056,1279.046,779.46564
rpe1,DNAJA3,0.10088539749166163,0.20345970795429882,0.049608354,0.04960835352540016,1354.553,328.74603
rpe1,DNMT1,0.08193696920557648,0.0828691185854393,0.10178117,0.10178116708993912,1217.1913,645.80023
rpe1,EIF4B,0.33794559799729257,0.4428087830428135,0.43617022,0.43617022037506104,503.79773,292.04834
rpe1,EPB41L2,0.14679426300747234,0.1959365484591103,0.17297298,0.17297297716140747,1054.3738,525.7029
rpe1,ETV4,0.1842554340205587,0.2512098995917487,0.14814815,0.14814814925193787,820.8019,617.46985
rpe1,EWSR1,0.21558443512922643,0.15818444454244637,0.38402063,0.3840206265449524,838.9225,366.82047
rpe1,FDPS,0.02020755842606877,0.019881916360335185,0.030456852,0.030456852167844772,1123.9965,452.27045
rpe1,GSK3B,0.07778386134017475,0.11046275190943476,0.12435233,0.12435232847929001,470.17007,531.52185
rpe1,HIRA,0.1276310141118444,0.10241488124202804,0.2150259,0.2150259017944336,231.61523,415.33228
rpe1,KDM1A,0.2595990497979619,0.3427132163767826,0.32207793,0.3220779299736023,2727.5635,381.19168
rpe1,KIF20A,0.1954879390832172,0.28768926818370283,0.38442212,0.3844221234321594,1201.2542,1267.8353
rpe1,LRPPRC,0.14795227512965517,0.24030216957256922,-0.15503876,-0.1550387591123581,537.3006,442.5492
rpe1,LZTR1,0.16283078942684592,0.22546650500699594,0.22702703,0.227027028799057,528.3227,318.9159
rpe1,MAU2,0.14494212439342713,0.055508951831739824,0.27319586,0.27319586277008057,1009.85596,1084.178
rpe1,MBTPS1,0.1468751191905919,0.18771375085342676,0.3,0.30000001192092896,802.4983,271.2273
rpe1,MED1,0.08600347000385719,0.2491392957477449,0.15938303,0.15938302874565125,801.28455,686.328
rpe1,MED12,0.06492611343976004,0.09653495068581473,0.16284987,0.16284987330436707,368.30402,905.72327
rpe1,MED24,0.002885845624580594,0.051603422848265676,-0.010178117,-0.010178117081522942,1058.5991,727.6052
rpe1,METTL14,0.31614733652198906,0.5839759882467755,0.5736842,0.5736842155456543,2425.7134,603.1521
rpe1,METTL17,0.06770702714434977,0.1030209084285536,0.107329845,0.1073298454284668,742.5851,339.07465
rpe1,METTL3,0.3790702099338903,0.5821146224957531,0.6099476,0.6099476218223572,2403.0854,637.32385
rpe1,NDUFB4,0.1940332808084063,0.41037458707919255,0.0051282053,0.0051282052882015705,308.72278,264.94806
rpe1,NDUFB6,0.11183728335323138,0.14777490327205453,0.16414142,0.16414141654968262,330.33038,377.37677
rpe1,NISCH,0.14370519847736007,0.18164754947622183,0.22250639,0.22250638902187347,284.55414,258.7672
rpe1,OXA1L,0.05887486841701348,0.12398459838139718,0.038560413,0.0385604128241539,1349.117,532.81494
rpe1,PHF10,0.18541445254190098,0.2834481259480943,0.21727748,0.21727748215198517,524.55475,390.30582
rpe1,PTPN1,0.09430796042352929,0.07161314025044715,0.18939394,0.18939393758773804,115.83929,492.69186
rpe1,RNF20,0.2466540448365891,0.2430943891943386,0.3828125,0.3828125,2137.4812,695.79224
rpe1,RRM1,0.02479508742518823,0.12530892158234416,-0.13131313,-0.13131313025951385,384.6637,698.58826
rpe1,SDC1,0.18232181218917626,0.21356039307409133,0.34986946,0.3498694598674774,537.1478,601.3773
rpe1,SEC62,0.18844033953577732,0.056819739109135126,0.3685567,0.3685567080974579,995.8467,991.64777
rpe1,SLC25A3,0.17182909308356814,0.34344465861952045,0.017721519,0.017721518874168396,354.9101,517.1682
rpe1,SMAGP,0.17067430196273295,0.2713156666658831,0.13910761,0.1391076147556305,373.12805,284.5758
rpe1,SSBP1,0.10607232643841531,0.1839183642227243,0.06153846,0.0615384615957737,423.6704,490.92535
rpe1,STAG2,0.07658195643300034,-0.08068075580161327,0.18205129,0.18205128610134125,716.3636,354.70636
rpe1,SUPT4H1,0.16609865792932185,0.12372120878051295,0.3523316,0.35233160853385925,1963.2397,1057.9934
rpe1,TADA1,0.15751107507965212,0.18173952146301767,0.31865284,0.31865283846855164,777.2776,468.62244
rpe1,TAF13,0.15532192049214602,0.29418097178587926,0.31182796,0.31182795763015747,1418.7681,437.0269
rpe1,TAZ,0.10263443156652038,0.15395160009649722,0.25581396,0.25581395626068115,246.87904,403.19916
rpe1,TFAM,0.16913133624561721,0.2992833810284035,-0.18586387,-0.18586386740207672,564.0038,139.00421
rpe1,TMSB10,0.2516619880392099,0.34117316217010557,0.28198433,0.2819843292236328,588.4889,650.019
rpe1,UBE3C,0.24259482629728907,0.2564019507052711,0.46721312,0.46721312403678894,467.761,470.66043
rpe1,UQCRQ,0.11049511347585714,0.23984936941068494,-0.043814432,-0.04381443187594414,364.0502,549.5461
jurkat,ATP6V0B,0.10568505861151685,0.18632258227382975,0.15949367,0.15949366986751556,380.53754,621.6481
jurkat,ATP6V0C,0.04533168225337493,-0.055319585545228644,0.03517588,0.035175878554582596,1066.6549,819.5403
jurkat,C1QBP,0.19310944381305228,0.11143838201590398,0.36410257,0.3641025722026825,626.7134,1091.2537
jurkat,CAST,-0.10631985199881151,-0.18077165520473412,0.08136483,0.08136483281850815,337.5499,449.20035
jurkat,CHMP3,0.019650201453620564,0.04839722338960458,0.055696204,0.05569620430469513,390.7771,611.5917
jurkat,DAXX,0.13734627104397976,0.18754176580750406,0.20466322,0.2046632170677185,284.6159,517.34314
jurkat,DHX36,0.3128593744359839,0.39286445457995334,0.46153846,0.4615384638309479,1279.046,605.895
jurkat,DNAJA3,0.16975139239850673,0.20526211235096364,0.41361257,0.41361257433891296,1354.553,486.52597
jurkat,DNMT1,0.12238850594471697,0.13876730535084383,0.27295917,0.2729591727256775,1217.1913,741.2787
jurkat,EIF4B,0.3133855978789778,0.4442632496907016,0.460733,0.46073299646377563,503.79773,266.23798
jurkat,EPB41L2,0.21113764813678243,0.2909244624855945,0.41666666,0.4166666567325592,1054.3738,629.0848
jurkat,ETV4,0.15939385259022937,0.19067117310491635,0.2777778,0.2777777910232544,820.8019,1031.9581
jurkat,EWSR1,0.10130637125826182,0.10944746841199414,0.11557789,0.11557789146900177,838.9225,390.09647
jurkat,FDPS,0.10408209114960046,0.2113657437994599,0.31565657,0.3156565725803375,1123.9965,454.498
jurkat,GSK3B,0.08308472485968284,0.10766885715655972,0.1573604,0.15736040472984314,470.17007,566.25867
jurkat,HIRA,0.10043418158138866,0.07393392722998655,0.2372449,0.23724490404129028,231.61523,320.99075
jurkat,KDM1A,0.32027853187148014,0.32329143704273433,0.38601035,0.3860103487968445,2727.5635,389.66345
jurkat,KIF20A,0.0939947261500758,0.05327147969430971,0.18939394,0.18939393758773804,1201.2542,623.1481
jurkat,LRPPRC,0.15888685971595462,0.23139460906890916,0.1773779,0.17737789452075958,537.3006,566.266
jurkat,LZTR1,0.05464407569661231,0.06416383949580394,0.0397878,0.03978779911994934,528.3227,296.7749
jurkat,MAU2,0.18524326200374983,0.024672563488506643,0.4278481,0.42784810066223145,1009.85596,1177.9841
jurkat,MBTPS1,0.31355644211151107,0.3809472985959993,0.46857142,0.46857142448425293,802.4983,322.80573
jurkat,MED1,0.18985496020357906,-0.03445790601145405,0.44072166,0.44072166085243225,801.28455,478.01367
jurkat,MED12,0.044014590619931494,0.06993502539820991,0.09620253,0.09620252996683121,368.30402,323.4119
jurkat,MED24,0.14748007063833563,-0.028761279652441858,0.37185928,0.37185928225517273,1058.5991,741.3097
jurkat,METTL14,0.35954226537564415,0.5573869461094488,0.53174603,0.5317460298538208,2425.7134,673.8015
jurkat,METTL17,0.035834495699878136,0.07506745903753698,0.03875969,0.03875968977808952,742.5851,406.57507
jurkat,METTL3,0.2821525862078612,0.6450133473433561,0.43523315,0.43523314595222473,2403.0854,495.69952
jurkat,NDUFB4,0.12601546362957355,0.4948887585538013,-0.16071428,-0.1607142835855484,308.72278,385.0054
jurkat,NDUFB6,0.09439895854464753,0.14845781449745335,0.15696202,0.15696202218532562,330.33038,447.957
jurkat,NISCH,0.14110933655759877,0.1263399011613872,0.30710658,0.3071065843105316,284.55414,327.22018
jurkat,OXA1L,0.14417423007824706,0.11163879622168961,0.4229765,0.4229764938354492,1349.117,610.8158
jurkat,PHF10,0.2748035071149843,0.42184254504585755,0.28116712,0.2811671197414398,524.55475,342.86676
jurkat,PTPN1,0.10417099278425368,0.1459793078380139,0.073979594,0.07397959381341934,115.83929,308.9715
jurkat,RNF20,0.21598503347864587,0.2865347476537979,0.33505154,0.3350515365600586,2137.4812,621.9721
jurkat,RRM1,0.04190002813027533,-0.08802918586348854,0.26065162,0.2606516182422638,384.6637,1972.8904
jurkat,SDC1,0.2540596186498851,0.23571752109805488,0.4526316,0.4526315927505493,537.1478,562.0683
jurkat,SEC62,0.07279269762662938,0.02087465831146604,0.20610687,0.20610687136650085,995.8467,511.84415
jurkat,SLC25A3,0.16068015305576488,0.4161523013700283,-0.103535354,-0.10353535413742065,354.9101,486.86035
jurkat,SMAGP,0.09379367005242661,0.14986160187387126,0.15463917,0.15463916957378387,373.12805,343.0482
jurkat,SSBP1,0.1239733622640743,0.18253066828555006,0.16966581,0.16966581344604492,423.6704,625.3573
jurkat,STAG2,0.0014995549112043881,0.023771793058145085,-0.02278481,-0.02278481051325798,716.3636,370.5136
jurkat,SUPT4H1,0.11716183544518487,0.09908697767671051,0.19899245,0.19899244606494904,1963.2397,923.62396
jurkat,TADA1,0.060047509779780475,-0.016410728278416713,0.14357683,0.14357683062553406,777.2776,354.89783
jurkat,TAF13,0.25241918896558085,0.21129942417465555,0.48787063,0.48787063360214233,1418.7681,420.5984
jurkat,TAZ,0.060529305258701586,0.08963016408527812,0.12182741,0.12182740867137909,246.87904,442.77676
jurkat,TFAM,0.24570485539415676,0.33055777824637433,0.171875,0.171875,564.0038,170.31256
jurkat,TMSB10,0.2561688907370689,0.3928818216497039,0.36585367,0.3658536672592163,588.4889,737.9608
jurkat,UBE3C,0.13007413547156993,0.12560930556518676,0.24871795,0.24871794879436493,467.761,460.9218
jurkat,UQCRQ,0.1145492835003646,0.31902389427319083,-0.03875969,-0.03875968977808952,364.0502,433.30588
k562,ATP6V0B,0.2017322733594366,0.3599368968928692,0.2622108,0.26221078634262085,380.53754,310.972
k562,ATP6V0C,0.11864921217654104,0.22756712917461858,0.24484536,0.24484536051750183,1066.6549,558.4196
k562,C1QBP,0.3329385374974385,0.383255631053441,0.5733333,0.5733333230018616,626.7134,315.51562
k562,CHMP3,0.04514403150746412,0.052186968731338344,0.007633588,0.007633587811142206,390.7771,875.9131
k562,DHX36,0.30583430961239727,0.43135587805013015,0.5157068,0.5157067775726318,1279.046,335.1985
k562,DNAJA3,0.3182158867468172,0.40743960712021554,0.5706215,0.5706214904785156,1354.553,431.9902
k562,DNMT1,0.06855036182457823,0.1057451952522609,0.11568123,0.1156812310218811,1217.1913,289.96844
k562,EIF4B,0.14761562297971562,0.26091713434143704,0.18686868,0.18686868250370026,503.79773,502.65402
k562,EWSR1,0.13587137223464546,0.1567750989299579,0.23664123,0.23664122819900513,838.9225,452.0111
k562,FDPS,0.04472262370198364,0.029389821201745058,0.017811704,0.01781170442700386,1123.9965,1030.7241
k562,HIRA,0.05976261808565056,0.11229170170729202,0.08974359,0.08974359184503555,231.61523,189.93361
k562,KIF20A,0.22475566394298344,0.27973440497453755,0.34871796,0.34871795773506165,1201.2542,448.06866
k562,LRPPRC,0.27859853865919404,0.41479772503460643,0.27823693,0.27823692560195923,537.3006,385.89087
k562,MAU2,0.09874331264863075,0.15197053197728505,0.11675127,0.11675126850605011,1009.85596,468.62494
k562,MBTPS1,0.14454424225182466,0.22628480801831735,0.22133334,0.2213333398103714,802.4983,388.25378
k562,MED1,0.23838916257737175,0.006806076245890367,0.4715026,0.4715026021003723,801.28455,775.3782
k562,MED12,0.12685431913989606,0.06255015221489504,0.32581455,0.32581454515457153,368.30402,896.02295
k562,METTL14,0.3010145494569044,0.42476675403685893,0.59102905,0.5910290479660034,2425.7134,391.53607
k562,METTL17,0.16195090233572976,0.19707874559306,0.3948052,0.3948051929473877,742.5851,312.159
k562,METTL3,0.2743215794535806,0.5114917433033059,0.5223097,0.5223097205162048,2403.0854,370.35574
k562,NDUFB4,0.1864696924959282,0.5068051876492674,0.015706806,0.015706805512309074,308.72278,293.89023
k562,NDUFB6,0.16563943737401549,0.5327096007815452,-0.060759492,-0.060759492218494415,330.33038,246.864
k562,NISCH,0.10429677344765503,0.12255663615868484,0.22137405,0.221374049782753,284.55414,260.98492
k562,OXA1L,0.36784001704618274,0.42318754712171625,0.5793872,0.5793871879577637,1349.117,391.93475
k562,RNF20,0.2500242041329889,0.32244459106304474,0.34816754,0.3481675386428833,2137.4812,579.2131
k562,RRM1,0.02493294273117366,0.057103325132186744,-0.025316456,-0.025316456332802773,384.6637,569.79
k562,SDC1,0.2684237856047595,0.362182270488558,0.4021164,0.4021163880825043,537.1478,289.49176
k562,SEC62,0.03302050010872997,0.18085862307915912,-0.050632913,-0.050632912665605545,995.8467,1361.2339
k562,SLC25A3,0.25412932480090894,0.4387178397710736,0.05822785,0.05822784826159477,354.9101,291.6077
k562,SMAGP,0.12432691706218993,0.21116378079456125,0.14395887,0.14395886659622192,373.12805,291.13507
k562,SSBP1,0.22861565493343525,0.3690812916935462,0.2931507,0.2931506931781769,423.6704,362.04224
k562,SUPT4H1,0.16378170671267506,0.18553357268367626,0.26804122,0.2680412232875824,1963.2397,492.40527
k562,TFAM,0.1488147338090658,0.2956406599985622,0.038961038,0.03896103799343109,564.0038,376.56543
k562,TMSB10,0.31765434191990655,0.4402784260868056,0.38918918,0.3891891837120056,588.4889,244.66864
k562,UQCRQ,0.22280855971630262,0.5068118006266565,0.1462766,0.146276593208313,364.0502,307.47852
hepg2,ATP6V0B,0.14595920781085478,0.2099353398003699,0.21614583,0.2161458283662796,380.53754,824.3306
hepg2,ATP6V0C,0.15307025695922397,0.30116747867721166,0.27131784,0.27131783962249756,1066.6549,890.8649
hepg2,C1QBP,0.2366611463148425,0.36870222681743786,0.31770834,0.3177083432674408,626.7134,753.4043
hepg2,CAST,-0.11435630729974149,-0.009291111947971062,-0.33333334,-0.3333333432674408,337.5499,620.09143
hepg2,CHMP3,0.00552653956880805,0.022714314777352446,-0.08060453,-0.08060453087091446,390.7771,1886.2668
hepg2,DAXX,0.14116889602241434,0.18334209219238315,0.2150259,0.2150259017944336,284.6159,659.5964
hepg2,DHX36,0.22209094984172728,0.35807505463190004,0.40826872,0.4082687199115753,1279.046,577.8213
hepg2,DNAJA3,0.2969778128328049,0.34539609629147844,0.54444444,0.5444444417953491,1354.553,624.18414
hepg2,DNMT1,0.026256366423998825,0.03569209395842559,0.09462915,0.09462915360927582,1217.1913,574.89954
hepg2,EIF4B,0.2845634974821871,0.427255686964559,0.27979276,0.27979275584220886,503.79773,278.84448
hepg2,EPB41L2,0.07045270401503784,0.12853512216685298,0.13212435,0.13212434947490692,1054.3738,611.1792
hepg2,ETV4,0.128526882064988,0.1835938524525328,0.2118863,0.21188630163669586,820.8019,890.7655
hepg2,EWSR1,0.08531514934645994,0.06304329618600597,0.24936387,0.24936386942863464,838.9225,526.58795
hepg2,FDPS,0.05918729026115729,0.031115791190223212,0.11825193,0.11825192719697952,1123.9965,669.6659
hepg2,GSK3B,0.06808819118441807,0.09370202445921047,0.096938774,0.09693877398967743,470.17007,478.20682
hepg2,HIRA,0.06364160500943081,0.10571246335825732,0.20103092,0.2010309249162674,231.61523,311.22134
hepg2,KDM1A,0.15894179146891324,0.2866766788843239,0.1142132,0.11421319842338562,2727.5635,589.70935
hepg2,KIF20A,0.11636981256439664,0.24671959351023454,0.21212122,0.21212121844291687,1201.2542,1190.7441
hepg2,LRPPRC,0.16780853631668008,0.26680115908305313,0.21761657,0.21761657297611237,537.3006,845.5603
hepg2,LZTR1,0.12994047701990136,0.18157519338895478,0.31025642,0.3102564215660095,528.3227,594.43445
hepg2,MAU2,0.09356592702740159,0.10577229817732622,0.1392405,0.13924050331115723,1009.85596,623.77673
hepg2,MBTPS1,0.34775552024327194,0.3968130685604611,0.51420456,0.5142045617103577,802.4983,416.164
hepg2,MED1,0.11004872537614649,0.07878583895011172,0.14213198,0.1421319842338562,801.28455,1345.8989
hepg2,MED12,0.06145926130033368,0.06354190479887206,0.030379746,0.030379746109247208,368.30402,1444.7896
hepg2,MED24,-0.001626431742900713,0.1286611056157574,-0.027707808,-0.02770780771970749,1058.5991,1251.692
hepg2,METTL14,0.2736434535466638,0.35132867846866006,0.515625,0.515625,2425.7134,663.0875
hepg2,METTL17,0.11840160765748048,0.11741735622908492,0.23969072,0.23969072103500366,742.5851,634.5174
hepg2,METTL3,0.1689946425753857,0.46569868305596485,0.24102564,0.2410256415605545,2403.0854,519.20416
hepg2,NDUFB4,0.11565676208135799,0.2952185491444806,0.121518984,0.12151898443698883,308.72278,743.01544
hepg2,NDUFB6,0.05226294198910918,0.21272825547214802,-0.10886076,-0.10886076092720032,330.33038,812.34296
hepg2,NISCH,0.07734492517593308,0.09982736188422403,0.10335917,0.1033591702580452,284.55414,387.5572
hepg2,OXA1L,0.27490031259547365,0.3508487919471796,0.5123967,0.5123966932296753,1349.117,1176.4955
hepg2,PHF10,0.24630487236572043,0.22598591998560824,0.32908162,0.32908162474632263,524.55475,717.1156
hepg2,PTPN1,0.08328274325937345,0.1350442394816611,0.11528822,0.11528822034597397,115.83929,415.9345
hepg2,RNF20,0.20864247254003662,0.3026140682919386,0.41666666,0.4166666567325592,2137.4812,814.62103
hepg2,RRM1,-0.0213069227998628,0.013219981069740363,-0.12626262,-0.1262626200914383,384.6637,1402.1876
hepg2,SDC1,0.24947700544437884,0.23225742066960123,0.489418,0.48941799998283386,537.1478,597.4323
hepg2,SEC62,0.1378967156906289,0.09177982865850177,0.20558375,0.20558375120162964,995.8467,714.9045
hepg2,SLC25A3,0.11425248543450743,0.30238754131480733,-0.14795919,-0.14795918762683868,354.9101,652.72864
hepg2,SMAGP,0.03962055153420712,0.08387347963087514,0.051282052,0.05128205195069313,373.12805,452.6998
hepg2,SSBP1,0.10316624602987824,0.23587584320364904,0.106217615,0.10621761530637741,423.6704,877.15015
hepg2,STAG2,0.0702884671724879,0.11401051746050324,0.11111111,0.1111111119389534,716.3636,544.719
hepg2,SUPT4H1,0.14352777680027126,0.0894518994140098,0.30357143,0.3035714328289032,1963.2397,1397.0999
hepg2,TADA1,0.12187504039975185,0.11168592158327316,0.24040921,0.24040921032428741,777.2776,574.31805
hepg2,TAF13,0.18619221777633777,0.2912587254229812,0.37196764,0.3719676434993744,1418.7681,457.81033
hepg2,TAZ,0.10343310382827378,0.15247486240934535,0.17994858,0.1799485832452774,246.87904,471.04605
hepg2,TFAM,0.16682550290959863,0.35905138587334434,-0.10025707,-0.10025706887245178,564.0038,139.40678
hepg2,TMSB10,0.19833606714297297,0.25738671611354025,0.21818182,0.2181818187236786,588.4889,528.10254
hepg2,UBE3C,0.14442889979790302,0.1418372667497826,0.3255814,0.3255814015865326,467.761,641.4149
hepg2,UQCRQ,0.13819917327441786,0.2468930742121088,0.24358974,0.24358974397182465,364.0502,867.7797
