pert,model,pds,cosine,pearson_top500,h1_l1,tier
ACAT2,gene_direct_x64,0.38,0.1642532225733641,0.2813193164996426,539.3216861297769,strong
ACAT2,wavg_x64,0.38,0.1642532225733641,0.28131931649964265,539.3216861297769,strong
ACAT2,gate_x64,0.38,0.1642532225733641,0.2813193164996426,539.3216861297769,strong
ACVR1B,gene_direct_x64,0.62,-0.0035869336541084255,0.12569460647052255,275.61779581246265,weak
ACVR1B,wavg_x64,0.62,-0.0035869336541084255,0.12569460647052252,275.61779581246265,weak
ACVR1B,gate_x64,0.62,-0.0035869336541084255,0.12569460647052255,275.61779581246265,weak
AKT2,gene_direct_x64,0.6133333333333333,0.07070516158956816,0.1434354311794685,277.1425954759761,weak
AKT2,wavg_x64,0.6133333333333333,0.07070516158956816,0.1434354311794685,277.1425954759761,weak
AKT2,gate_x64,0.6133333333333333,0.07070516158956816,0.1434354311794685,277.1425954759761,weak
ARID1A,gene_direct_x64,0.30666666666666664,0.0953185932152085,0.15322544440520344,518.2172098637311,mid
ARID1A,wavg_x64,0.30666666666666664,0.0953185932152085,0.15322544440520344,518.2172098637311,mid
ARID1A,gate_x64,0.30666666666666664,0.0953185932152085,0.15322544440520344,518.2172098637311,mid
ATM,gene_direct_x64,0.2733333333333333,0.07205334654731094,0.07395802526194913,656.6624912182597,strong
ATM,wavg_x64,0.2733333333333333,0.07205334654731094,0.07395802526194913,656.6624912182597,strong
ATM,gate_x64,0.2733333333333333,0.07205334654731094,0.07395802526194913,656.6624912182597,strong
ATP6V0B,gene_direct_x64,0.6333333333333333,0.2289811864245561,0.3618270826661405,380.5375562848167,mid
ATP6V0B,wavg_x64,0.6733333333333333,0.2342874041699164,0.3682326182183883,380.5375562848167,mid
ATP6V0B,gate_x64,0.6333333333333333,0.2289811864245561,0.3618270826661405,380.5375562848167,mid
ATP6V0C,gene_direct_x64,0.1466666666666666,0.1632693867231533,0.32621628746569875,1066.6549765848213,strong
ATP6V0C,wavg_x64,0.14,0.16674787796833546,0.3339017745428805,1066.6549765848213,strong
ATP6V0C,gate_x64,0.1466666666666666,0.1632693867231533,0.32621628746569875,1066.6549765848213,strong
BIRC2,gene_direct_x64,0.4,0.03831409355536793,0.13517232275384164,532.7302886944417,mid
BIRC2,wavg_x64,0.4,0.03831409355536793,0.13517232275384164,532.7302886944417,mid
BIRC2,gate_x64,0.4,0.03831409355536793,0.13517232275384164,532.7302886944417,mid
BRD9,gene_direct_x64,0.19999999999999996,0.08511941767292239,0.02967834444837916,953.0837602631691,strong
BRD9,wavg_x64,0.19999999999999996,0.08511941767292239,0.029678344448379166,953.0837602631691,strong
BRD9,gate_x64,0.19999999999999996,0.08511941767292239,0.02967834444837916,953.0837602631691,strong
C1QBP,gene_direct_x64,0.9933333333333333,0.37067949128314404,0.30275133565377327,626.7133262989628,strong
C1QBP,wavg_x64,0.9933333333333333,0.3743737973868113,0.3361837842144188,626.7133262989628,strong
C1QBP,gate_x64,0.9933333333333333,0.37067949128314404,0.30275133565377327,626.7133262989628,strong
CALM3,gene_direct_x64,0.64,0.12008679032411612,0.1313409942039787,401.40694722824264,mid
CALM3,wavg_x64,0.64,0.12008679032411612,0.1313409942039787,401.40694722824264,mid
CALM3,gate_x64,0.64,0.12008679032411612,0.1313409942039787,401.40694722824264,mid
CASP2,gene_direct_x64,0.8733333333333333,0.06690404087801345,0.028388608623936395,167.50471709625344,weak
CASP2,wavg_x64,0.8733333333333333,0.06690404087801342,0.028388608623936384,167.50471709625344,weak
CASP2,gate_x64,0.8733333333333333,0.06690404087801345,0.028388608623936395,167.50471709625344,weak
CASP3,gene_direct_x64,0.26,0.06996370861165481,0.1663527987759678,802.2093092653886,strong
CASP3,wavg_x64,0.26,0.06996370861165481,0.1663527987759678,802.2093092653886,strong
CASP3,gate_x64,0.26,0.06996370861165481,0.1663527987759678,802.2093092653886,strong
CAST,gene_direct_x64,0.5066666666666666,-0.13950723895231185,-0.12004400107807515,337.5498944532701,mid
CAST,wavg_x64,0.5,-0.1364682087523428,-0.11534348550487296,337.5498944532701,mid
CAST,gate_x64,0.5066666666666666,-0.13950723895231185,-0.12004400107807515,337.5498944532701,mid
CDCA2,gene_direct_x64,0.7266666666666667,0.0366095586753022,0.13482086457944106,213.50087349961177,weak
CDCA2,wavg_x64,0.7266666666666667,0.0366095586753022,0.13482086457944106,213.50087349961177,weak
CDCA2,gate_x64,0.7266666666666667,0.0366095586753022,0.13482086457944106,213.50087349961177,weak
CENPO,gene_direct_x64,0.7,0.07475413277437519,0.21370840475336622,297.83834842007127,mid
CENPO,wavg_x64,0.7,0.07475413277437519,0.21370840475336622,297.83834842007127,mid
CENPO,gate_x64,0.7,0.07475413277437519,0.21370840475336622,297.83834842007127,mid
CHMP3,gene_direct_x64,0.28,0.03534887885785351,0.05896331303584416,390.77709899896945,mid
CHMP3,wavg_x64,0.26,0.03849724519870384,0.060111278948113925,390.77709899896945,mid
CHMP3,gate_x64,0.28,0.03534887885785351,0.05896331303584416,390.77709899896945,mid
CLDN6,gene_direct_x64,0.7933333333333333,0.04456230315901456,0.02594561971976141,229.63225801379667,weak
CLDN6,wavg_x64,0.7933333333333333,0.04456230315901456,0.02594561971976141,229.63225801379667,weak
CLDN6,gate_x64,0.7933333333333333,0.04456230315901456,0.02594561971976141,229.63225801379667,weak
CLDN7,gene_direct_x64,0.76,0.02722509954203004,0.0629571135191483,229.35459083430032,weak
CLDN7,wavg_x64,0.76,0.02722509954203004,0.0629571135191483,229.35459083430032,weak
CLDN7,gate_x64,0.76,0.02722509954203004,0.0629571135191483,229.35459083430032,weak
CREG1,gene_direct_x64,0.9466666666666667,0.137458665512669,0.24665739439563691,131.32642961225793,weak
CREG1,wavg_x64,0.9466666666666667,0.137458665512669,0.24665739439563691,131.32642961225793,weak
CREG1,gate_x64,0.9466666666666667,0.137458665512669,0.24665739439563691,131.32642961225793,weak
DAXX,gene_direct_x64,0.9866666666666667,0.21739567101302568,0.31960482757954833,284.6158954460916,mid
DAXX,wavg_x64,0.94,0.20864696882111217,0.30836835151010605,284.6158954460916,mid
DAXX,gate_x64,0.9866666666666667,0.21739567101302568,0.31960482757954833,284.6158954460916,mid
DHCR24,gene_direct_x64,0.7866666666666666,0.14152086774094738,0.21568671577942178,219.41366998358717,weak
DHCR24,wavg_x64,0.7866666666666666,0.14152086774094738,0.21568671577942178,219.41366998358717,weak
DHCR24,gate_x64,0.7866666666666666,0.14152086774094738,0.21568671577942178,219.41366998358717,weak
DHX36,gene_direct_x64,1.0,0.4272226755520059,0.5709382490060094,1279.046007136316,strong
DHX36,wavg_x64,1.0,0.42590266557535655,0.5636671653878972,1279.046007136316,strong
DHX36,gate_x64,1.0,0.4272226755520059,0.5709382490060094,1279.046007136316,strong
DLG5,gene_direct_x64,0.4933333333333333,0.03801336844551421,0.13194613784202233,345.2914160946566,mid
DLG5,wavg_x64,0.4933333333333333,0.03801336844551421,0.13194613784202233,345.2914160946566,mid
DLG5,gate_x64,0.4933333333333333,0.03801336844551421,0.13194613784202233,345.2914160946566,mid
DNAJA3,gene_direct_x64,0.9933333333333333,0.3718686124782697,0.38612153021579343,1354.5528998880072,strong
DNAJA3,wavg_x64,0.9933333333333333,0.37595783142774136,0.4022831015984487,1354.5528998880072,strong
DNAJA3,gate_x64,0.9933333333333333,0.3718686124782697,0.38612153021579343,1354.5528998880072,strong
DNMT1,gene_direct_x64,0.08666666666666667,0.14994357957055082,0.19685377880037852,1217.1912972959708,strong
DNMT1,wavg_x64,0.07999999999999996,0.14599333300187572,0.1952245242266508,1217.1912972959708,strong
DNMT1,gate_x64,0.08666666666666667,0.14994357957055082,0.19685377880037852,1217.1912972959708,strong
EID2,gene_direct_x64,0.8733333333333333,0.04306761713028416,0.0394226867639959,182.26110675808377,weak
EID2,wavg_x64,0.8733333333333333,0.04306761713028416,0.0394226867639959,182.26110675808377,weak
EID2,gate_x64,0.8733333333333333,0.04306761713028416,0.0394226867639959,182.26110675808377,weak
EIF4B,gene_direct_x64,0.98,0.38990863503382195,0.5478425926971778,503.7977523695263,mid
EIF4B,wavg_x64,0.98,0.36029069989888807,0.523248060701896,503.7977523695263,mid
EIF4B,gate_x64,0.98,0.38990863503382195,0.5478425926971778,503.7977523695263,mid
EPB41L2,gene_direct_x64,0.98,0.25825518884796067,0.33735490524951767,1054.3737970006805,strong
EPB41L2,wavg_x64,0.8866666666666667,0.24769392248156888,0.32138861090788867,1054.3737970006805,strong
EPB41L2,gate_x64,0.98,0.25825518884796067,0.33735490524951767,1054.3737970006805,strong
EPHB4,gene_direct_x64,0.2666666666666667,0.0643510269743272,0.12313761962830869,773.076519006132,strong
EPHB4,wavg_x64,0.2666666666666667,0.0643510269743272,0.12313761962830869,773.076519006132,strong
EPHB4,gate_x64,0.2666666666666667,0.0643510269743272,0.12313761962830869,773.076519006132,strong
ETV4,gene_direct_x64,0.4733333333333334,0.22946941130230553,0.323328054583606,820.8018508805653,strong
ETV4,wavg_x64,0.4933333333333333,0.23166891427970782,0.32949570602009415,820.8018508805653,strong
ETV4,gate_x64,0.4733333333333334,0.22946941130230553,0.323328054583606,820.8018508805653,strong
EWSR1,gene_direct_x64,1.0,0.2852510534091751,0.38648401371841956,838.9224797488241,strong
EWSR1,wavg_x64,1.0,0.27648576570311734,0.3594588476761008,838.9224797488241,strong
EWSR1,gate_x64,1.0,0.2852510534091751,0.38648401371841956,838.9224797488241,strong
FDPS,gene_direct_x64,0.2666666666666667,0.11435257696579297,0.16336445357875465,1123.996496214062,strong
FDPS,wavg_x64,0.24,0.09817802094070234,0.13279917629684598,1123.996496214062,strong
FDPS,gate_x64,0.2666666666666667,0.11435257696579297,0.16336445357875465,1123.996496214062,strong
FOXH1,gene_direct_x64,0.6466666666666667,-0.024307737059741433,-0.031718339492196795,230.32673769337634,weak
FOXH1,wavg_x64,0.6466666666666667,-0.024307737059741433,-0.031718339492196795,230.32673769337634,weak
FOXH1,gate_x64,0.6466666666666667,-0.024307737059741433,-0.031718339492196795,230.32673769337634,weak
GSK3B,gene_direct_x64,0.5866666666666667,0.13582481070107003,0.1926139300494518,470.1700807137131,mid
GSK3B,wavg_x64,0.6066666666666667,0.1320946622755031,0.18861198369935653,470.1700807137131,mid
GSK3B,gate_x64,0.5866666666666667,0.13582481070107003,0.1926139300494518,470.1700807137131,mid
HAT1,gene_direct_x64,0.6599999999999999,0.06485077516934376,0.09568003097063804,286.0246947731539,mid
HAT1,wavg_x64,0.6599999999999999,0.06485077516934376,0.09568003097063804,286.0246947731539,mid
HAT1,gate_x64,0.6599999999999999,0.06485077516934376,0.09568003097063804,286.0246947731539,mid
HIRA,gene_direct_x64,0.9066666666666666,0.16496959479747733,0.14618968314800485,231.6152470666948,weak
HIRA,wavg_x64,0.9066666666666666,0.16408901090846365,0.15263130204122724,231.6152470666948,weak
HIRA,gate_x64,0.9066666666666666,0.16496959479747733,0.14618968314800485,231.6152470666948,weak
HMGB2,gene_direct_x64,0.43333333333333335,0.1375102380855,0.5285784629212085,453.0842036236172,mid
HMGB2,wavg_x64,0.43333333333333335,0.1375102380855,0.5285784629212085,453.0842036236172,mid
HMGB2,gate_x64,0.43333333333333335,0.1375102380855,0.5285784629212085,453.0842036236172,mid
HMGN1,gene_direct_x64,0.9666666666666667,0.41843423187711054,0.5856094893637416,137.00360577514948,weak
HMGN1,wavg_x64,0.9666666666666667,0.41843423187711054,0.5856094893637416,137.00360577514948,weak
HMGN1,gate_x64,0.9666666666666667,0.41843423187711054,0.5856094893637416,137.00360577514948,weak
HSBP1,gene_direct_x64,0.26,0.24909414959080808,0.3548177093691513,721.4182504001765,strong
HSBP1,wavg_x64,0.26,0.24909414959080808,0.3548177093691513,721.4182504001765,strong
HSBP1,gate_x64,0.26,0.24909414959080808,0.3548177093691513,721.4182504001765,strong
IDE,gene_direct_x64,0.9666666666666667,0.09025022934192217,0.13540514890073532,136.25630480664404,weak
IDE,wavg_x64,0.9666666666666667,0.09025022934192217,0.13540514890073532,136.25630480664404,weak
IDE,gate_x64,0.9666666666666667,0.09025022934192217,0.13540514890073532,136.25630480664404,weak
IGF2R,gene_direct_x64,0.9866666666666667,0.11660898945422712,0.11456976814017378,146.31560550234462,weak
IGF2R,wavg_x64,0.9866666666666667,0.11660898945422712,0.11456976814017378,146.31560550234462,weak
IGF2R,gate_x64,0.9866666666666667,0.11660898945422712,0.11456976814017378,146.31560550234462,weak
IKBKG,gene_direct_x64,0.6866666666666666,0.00015652745991687298,0.021280725795702535,279.0922283561413,weak
IKBKG,wavg_x64,0.6866666666666666,0.000156527459916875,0.021280725795702535,279.0922283561413,weak
IKBKG,gate_x64,0.6866666666666666,0.00015652745991687298,0.021280725795702535,279.0922283561413,weak
INSIG1,gene_direct_x64,0.4,0.15209620734104654,0.23003592690176417,657.1258275878317,strong
INSIG1,wavg_x64,0.4,0.15209620734104654,0.23003592690176417,657.1258275878317,strong
INSIG1,gate_x64,0.4,0.15209620734104654,0.23003592690176417,657.1258275878317,strong
IRF3,gene_direct_x64,0.84,0.16941132479182786,0.3323902132876466,170.65812800336062,weak
IRF3,wavg_x64,0.84,0.16941132479182786,0.3323902132876466,170.65812800336062,weak
IRF3,gate_x64,0.84,0.16941132479182786,0.3323902132876466,170.65812800336062,weak
KAT2A,gene_direct_x64,0.21999999999999997,0.058577331184770015,0.0431137076950241,971.8105582567914,strong
KAT2A,wavg_x64,0.21999999999999997,0.058577331184770015,0.0431137076950241,971.8105582567914,strong
KAT2A,gate_x64,0.21999999999999997,0.058577331184770015,0.0431137076950241,971.8105582567914,strong
KDM1A,gene_direct_x64,1.0,0.440455734026065,0.42677807771409,2727.563420060924,strong
KDM1A,wavg_x64,1.0,0.42884423314312886,0.4346050191195833,2727.563420060924,strong
KDM1A,gate_x64,1.0,0.440455734026065,0.42677807771409,2727.563420060924,strong
KDM2B,gene_direct_x64,0.6533333333333333,0.07801068127560253,0.032429339953460846,326.13743525515565,mid
KDM2B,wavg_x64,0.6533333333333333,0.07801068127560253,0.032429339953460846,326.13743525515565,mid
KDM2B,gate_x64,0.6533333333333333,0.07801068127560253,0.032429339953460846,326.13743525515565,mid
KIF1B,gene_direct_x64,0.9666666666666667,0.08871280808122338,0.16129422421745318,119.0705179575707,weak
KIF1B,wavg_x64,0.9666666666666667,0.08871280808122338,0.16129422421745318,119.0705179575707,weak
KIF1B,gate_x64,0.9666666666666667,0.08871280808122338,0.16129422421745318,119.0705179575707,weak
KIF20A,gene_direct_x64,0.9333333333333333,0.25346700365894825,0.4422193293479464,1201.254221269788,strong
KIF20A,wavg_x64,0.9333333333333333,0.2573823502181357,0.44331794385920437,1201.254221269788,strong
KIF20A,gate_x64,0.9333333333333333,0.25346700365894825,0.4422193293479464,1201.254221269788,strong
KLF10,gene_direct_x64,0.6533333333333333,0.08093827875989179,-0.005224824792979406,427.0441094544949,mid
KLF10,wavg_x64,0.6533333333333333,0.08093827875989179,-0.005224824792979406,427.0441094544949,mid
KLF10,gate_x64,0.6533333333333333,0.08093827875989179,-0.005224824792979406,427.0441094544949,mid
LRPPRC,gene_direct_x64,0.6533333333333333,0.2429022118795363,0.34977232110339757,537.3005965742886,mid
LRPPRC,wavg_x64,0.6066666666666667,0.2446524787359212,0.35735688783459296,537.3005965742886,mid
LRPPRC,gate_x64,0.6533333333333333,0.2429022118795363,0.34977232110339757,537.3005965742886,mid
LZTR1,gene_direct_x64,0.9666666666666667,0.19615131087387225,0.2646590912039825,528.322723437781,mid
LZTR1,wavg_x64,0.9933333333333333,0.2010063699532882,0.27239201124269813,528.322723437781,mid
LZTR1,gate_x64,0.9666666666666667,0.19615131087387225,0.2646590912039825,528.322723437781,mid
MAP1B,gene_direct_x64,0.6333333333333333,0.03572625891842145,0.3540699852694894,208.19411603311528,weak
MAP1B,wavg_x64,0.6333333333333333,0.03572625891842145,0.3540699852694894,208.19411603311528,weak
MAP1B,gate_x64,0.6333333333333333,0.03572625891842145,0.3540699852694894,208.19411603311528,weak
MAP3K7,gene_direct_x64,0.88,0.046466056021540934,0.09374361246362141,147.09041808233087,weak
MAP3K7,wavg_x64,0.88,0.04646605602154094,0.09374361246362141,147.09041808233087,weak
MAP3K7,gate_x64,0.88,0.046466056021540934,0.09374361246362141,147.09041808233087,weak
MAPKAPK2,gene_direct_x64,0.9866666666666667,0.09978630843520053,0.15520945069676487,119.51769193329164,weak
MAPKAPK2,wavg_x64,0.9866666666666667,0.09978630843520053,0.15520945069676487,119.51769193329164,weak
MAPKAPK2,gate_x64,0.9866666666666667,0.09978630843520053,0.15520945069676487,119.51769193329164,weak
MAST2,gene_direct_x64,0.7533333333333333,0.024637686484803946,0.03680076724505047,196.26912748440736,weak
MAST2,wavg_x64,0.7533333333333333,0.024637686484803946,0.03680076724505047,196.26912748440736,weak
MAST2,gate_x64,0.7533333333333333,0.024637686484803946,0.03680076724505047,196.26912748440736,weak
MAU2,gene_direct_x64,0.8666666666666667,0.2466536176307258,0.06319569425477096,1009.8558957573259,strong
MAU2,wavg_x64,0.9,0.24042685570444866,0.07863343786168245,1009.8558957573259,strong
MAU2,gate_x64,0.8666666666666667,0.2466536176307258,0.06319569425477096,1009.8558957573259,strong
MBTPS1,gene_direct_x64,1.0,0.43552729162778026,0.5032206612461212,802.4982714554899,strong
MBTPS1,wavg_x64,1.0,0.4054604573568627,0.47709458301088853,802.4982714554899,strong
MBTPS1,gate_x64,1.0,0.43552729162778026,0.5032206612461212,802.4982714554899,strong
MED1,gene_direct_x64,0.8933333333333333,0.2647254387094243,0.03701841200373006,801.2845341905595,strong
MED1,wavg_x64,0.9,0.2692875712964743,0.02853057738764576,801.2845341905595,strong
MED1,gate_x64,0.8933333333333333,0.2647254387094243,0.03701841200373006,801.2845341905595,strong
MED12,gene_direct_x64,0.6599999999999999,0.11683327378869104,0.06894191159101645,368.30400123534855,mid
MED12,wavg_x64,0.6599999999999999,0.1220609436455169,0.0731980330734508,368.30400123534855,mid
MED12,gate_x64,0.6599999999999999,0.11683327378869104,0.06894191159101645,368.30400123534855,mid
MED13,gene_direct_x64,0.36,0.07840770660493303,0.09283573468406167,403.77241301639515,mid
MED13,wavg_x64,0.36,0.07840770660493303,0.09283573468406167,403.77241301639515,mid
MED13,gate_x64,0.36,0.07840770660493303,0.09283573468406167,403.77241301639515,mid
MED13L,gene_direct_x64,0.72,0.05463019764977956,0.06036568989897974,229.34845140561447,weak
MED13L,wavg_x64,0.72,0.05463019764977956,0.06036568989897974,229.34845140561447,weak
MED13L,gate_x64,0.72,0.05463019764977956,0.06036568989897974,229.34845140561447,weak
MED24,gene_direct_x64,0.24,0.11578798987080113,0.03271201928976883,1058.5990794623322,strong
MED24,wavg_x64,0.16666666666666663,0.09166500892018489,0.047133448909619236,1058.5990794623322,strong
MED24,gate_x64,0.24,0.11578798987080113,0.03271201928976883,1058.5990794623322,strong
METTL14,gene_direct_x64,1.0,0.4159956256498525,0.6245111439728663,2425.713349428781,strong
METTL14,wavg_x64,1.0,0.4133308567001229,0.6197139832130427,2425.713349428781,strong
METTL14,gate_x64,1.0,0.4159956256498525,0.6245111439728663,2425.713349428781,strong
METTL17,gene_direct_x64,0.9933333333333333,0.20883229475107984,0.23808456878100437,742.5850774739556,strong
METTL17,wavg_x64,1.0,0.22146637816410913,0.2515430179307653,742.5850774739556,strong
METTL17,gate_x64,0.9933333333333333,0.20883229475107984,0.23808456878100437,742.5850774739556,strong
METTL3,gene_direct_x64,0.9933333333333333,0.31741347882402593,0.6847925878768522,2403.0855846965387,strong
METTL3,wavg_x64,0.9933333333333333,0.31936027496240493,0.6767209149223825,2403.0855846965387,strong
METTL3,gate_x64,0.9933333333333333,0.31741347882402593,0.6847925878768522,2403.0855846965387,strong
MKI67,gene_direct_x64,0.7266666666666667,0.15841399958945585,0.34153242326045763,286.8509138031113,mid
MKI67,wavg_x64,0.7266666666666667,0.15841399958945585,0.34153242326045763,286.8509138031113,mid
MKI67,gate_x64,0.7266666666666667,0.15841399958945585,0.34153242326045763,286.8509138031113,mid
MTA1,gene_direct_x64,0.6799999999999999,0.17550449731579776,0.3558721794809776,307.5370347657263,mid
MTA1,wavg_x64,0.6799999999999999,0.17550449731579776,0.3558721794809776,307.5370347657263,mid
MTA1,gate_x64,0.6799999999999999,0.17550449731579776,0.3558721794809776,307.5370347657263,mid
NCK2,gene_direct_x64,1.0,0.03962172152898811,0.03702637624781051,100.37324332770913,weak
NCK2,wavg_x64,1.0,0.039621721528988116,0.03702637624781051,100.37324332770913,weak
NCK2,gate_x64,1.0,0.03962172152898811,0.03702637624781051,100.37324332770913,weak
NDUFB4,gene_direct_x64,0.5266666666666666,0.18889392467616634,0.6469594421085252,308.72276848680303,mid
NDUFB4,wavg_x64,0.5533333333333333,0.19558386763668265,0.648833169274518,308.72276848680303,mid
NDUFB4,gate_x64,0.5266666666666666,0.18889392467616634,0.6469594421085252,308.72276848680303,mid
NDUFB6,gene_direct_x64,0.6266666666666667,0.14233452483385167,0.495179257478869,330.3303811847545,mid
NDUFB6,wavg_x64,0.5733333333333333,0.14415951774831348,0.5157183765564513,330.3303811847545,mid
NDUFB6,gate_x64,0.6266666666666667,0.14233452483385167,0.495179257478869,330.3303811847545,mid
NISCH,gene_direct_x64,1.0,0.2704997877389921,0.31548895134715954,284.5541647150094,mid
NISCH,wavg_x64,1.0,0.2634932873473115,0.3032916965081218,284.5541647150094,mid
NISCH,gate_x64,1.0,0.2704997877389921,0.31548895134715954,284.5541647150094,mid
NIT1,gene_direct_x64,0.18000000000000005,-0.003791924748307701,0.07462790869204006,1059.1670126240115,strong
NIT1,wavg_x64,0.18000000000000005,-0.003791924748307698,0.07462790869204006,1059.1670126240115,strong
NIT1,gate_x64,0.18000000000000005,-0.003791924748307701,0.07462790869204006,1059.1670126240115,strong
NRAS,gene_direct_x64,0.8733333333333333,0.1296520431089372,0.17987629701912014,179.2993712949501,weak
NRAS,wavg_x64,0.8733333333333333,0.1296520431089372,0.17987629701912014,179.2993712949501,weak
NRAS,gate_x64,0.8733333333333333,0.1296520431089372,0.17987629701912014,179.2993712949501,weak
OXA1L,gene_direct_x64,0.98,0.4134219860998552,0.4266341272199255,1349.1168801212589,strong
OXA1L,wavg_x64,0.98,0.4194703431944984,0.4377913184530298,1349.1168801212589,strong
OXA1L,gate_x64,0.98,0.4134219860998552,0.4266341272199255,1349.1168801212589,strong
OXCT1,gene_direct_x64,0.52,0.23392519666339723,0.2890945923005524,497.9459188932706,mid
OXCT1,wavg_x64,0.52,0.23392519666339723,0.2890945923005524,497.9459188932706,mid
OXCT1,gate_x64,0.52,0.23392519666339723,0.2890945923005524,497.9459188932706,mid
PAGR1,gene_direct_x64,0.6799999999999999,0.12876826689500911,0.2770377940241017,244.18464629247683,weak
PAGR1,wavg_x64,0.6799999999999999,0.12876826689500911,0.2770377940241017,244.18464629247683,weak
PAGR1,gate_x64,0.6799999999999999,0.12876826689500911,0.2770377940241017,244.18464629247683,weak
PBX1,gene_direct_x64,0.84,-0.014939274310424472,0.011942787574565164,147.80199844991512,weak
PBX1,wavg_x64,0.84,-0.014939274310424472,0.011942787574565164,147.80199844991512,weak
PBX1,gate_x64,0.84,-0.014939274310424472,0.011942787574565164,147.80199844991512,weak
PHF10,gene_direct_x64,0.9666666666666667,0.38655294836072507,0.4181039186891358,524.5547531894372,mid
PHF10,wavg_x64,0.9733333333333334,0.37908243136483394,0.4092564068113412,524.5547531894372,mid
PHF10,gate_x64,0.9666666666666667,0.38655294836072507,0.4181039186891358,524.5547531894372,mid
PHF14,gene_direct_x64,0.7,0.18367946866884535,0.238411356613078,326.7809165989602,mid
PHF14,wavg_x64,0.7,0.18367946866884535,0.238411356613078,326.7809165989602,mid
PHF14,gate_x64,0.7,0.18367946866884535,0.238411356613078,326.7809165989602,mid
PLCB3,gene_direct_x64,0.5800000000000001,-0.04196266289449709,0.0018368026917152706,316.30159484709293,mid
PLCB3,wavg_x64,0.5800000000000001,-0.0419626628944971,0.0018368026917152723,316.30159484709293,mid
PLCB3,gate_x64,0.5800000000000001,-0.04196266289449709,0.0018368026917152706,316.30159484709293,mid
PMS1,gene_direct_x64,0.9066666666666666,0.06701841856504685,0.14607861308444686,142.96250255190535,weak
PMS1,wavg_x64,0.9066666666666666,0.06701841856504685,0.14607861308444686,142.96250255190535,weak
PMS1,gate_x64,0.9066666666666666,0.06701841856504685,0.14607861308444686,142.96250255190535,weak
POLB,gene_direct_x64,0.7666666666666666,0.03716715196277052,0.0050196291832035065,239.21380308837797,weak
POLB,wavg_x64,0.7666666666666666,0.03716715196277052,0.005019629183203507,239.21380308837797,weak
POLB,gate_x64,0.7666666666666666,0.03716715196277052,0.0050196291832035065,239.21380308837797,weak
PRCP,gene_direct_x64,1.0,0.08600664272230372,0.13128261472926228,108.81564259752486,weak
PRCP,wavg_x64,1.0,0.08600664272230372,0.13128261472926228,108.81564259752486,weak
PRCP,gate_x64,1.0,0.08600664272230372,0.13128261472926228,108.81564259752486,weak
PRDM14,gene_direct_x64,0.013333333333333308,0.09817119400363936,0.11500024576880491,2660.854773007046,strong
PRDM14,wavg_x64,0.013333333333333308,0.09817119400363936,0.11500024576880491,2660.854773007046,strong
PRDM14,gate_x64,0.013333333333333308,0.09817119400363936,0.11500024576880491,2660.854773007046,strong
PRR12,gene_direct_x64,0.45999999999999996,0.03204563786822893,0.08907449583274747,351.02503587074534,mid
PRR12,wavg_x64,0.45999999999999996,0.03204563786822893,0.08907449583274747,351.02503587074534,mid
PRR12,gate_x64,0.45999999999999996,0.03204563786822893,0.08907449583274747,351.02503587074534,mid
PTPN1,gene_direct_x64,0.9133333333333333,0.16435334744385885,0.21126156039878946,115.83928570284843,weak
PTPN1,wavg_x64,0.9,0.1665430393578474,0.2080822708401912,115.83928570284843,weak
PTPN1,gate_x64,0.9133333333333333,0.16435334744385885,0.21126156039878946,115.83928570284843,weak
RAF1,gene_direct_x64,0.5266666666666666,0.022695859996849654,0.02967648751032458,285.6380224484674,mid
RAF1,wavg_x64,0.5266666666666666,0.02269585999684966,0.02967648751032458,285.6380224484674,mid
RAF1,gate_x64,0.5266666666666666,0.022695859996849654,0.02967648751032458,285.6380224484674,mid
RNF2,gene_direct_x64,0.22666666666666668,-0.01258563794644268,0.024057882207588335,712.3931164528967,strong
RNF2,wavg_x64,0.22666666666666668,-0.01258563794644268,0.024057882207588338,712.3931164528967,strong
RNF2,gate_x64,0.22666666666666668,-0.01258563794644268,0.024057882207588335,712.3931164528967,strong
RNF20,gene_direct_x64,1.0,0.3154115986118722,0.42582827775977067,2137.4812589890826,strong
RNF20,wavg_x64,1.0,0.31512682472242487,0.4204711844067691,2137.4812589890826,strong
RNF20,gate_x64,1.0,0.3154115986118722,0.42582827775977067,2137.4812589890826,strong
RRM1,gene_direct_x64,0.5733333333333333,0.06302867468902829,0.068583439845308,384.66367163629366,mid
RRM1,wavg_x64,0.6133333333333333,0.05472144151639234,0.08749581988369132,384.66367163629366,mid
RRM1,gate_x64,0.5733333333333333,0.06302867468902829,0.068583439845308,384.66367163629366,mid
SAFB,gene_direct_x64,0.42000000000000004,0.14081252295470775,0.2266379780965619,531.4161940741924,mid
SAFB,wavg_x64,0.42000000000000004,0.14081252295470775,0.2266379780965619,531.4161940741924,mid
SAFB,gate_x64,0.42000000000000004,0.14081252295470775,0.2266379780965619,531.4161940741924,mid
SALL4,gene_direct_x64,0.09999999999999998,0.03103904573931227,-0.0015150305708400919,1174.1462003869274,strong
SALL4,wavg_x64,0.09999999999999998,0.03103904573931227,-0.0015150305708400936,1174.1462003869274,strong
SALL4,gate_x64,0.09999999999999998,0.03103904573931227,-0.0015150305708400919,1174.1462003869274,strong
SDC1,gene_direct_x64,0.9066666666666666,0.3965505144110283,0.37512464856958827,537.1478351453916,mid
SDC1,wavg_x64,0.9133333333333333,0.39428834806527935,0.37947860752714707,537.1478351453916,mid
SDC1,gate_x64,0.9066666666666666,0.3965505144110283,0.37512464856958827,537.1478351453916,mid
SEC62,gene_direct_x64,0.9466666666666667,0.22073385451480024,0.1470348340652646,995.846727973727,strong
SEC62,wavg_x64,0.92,0.18021641587517026,0.1580068819975501,995.846727973727,strong
SEC62,gate_x64,0.9466666666666667,0.22073385451480024,0.1470348340652646,995.846727973727,strong
SHPRH,gene_direct_x64,0.6133333333333333,0.18522197386182251,0.21190686962320746,402.9929579619384,mid
SHPRH,wavg_x64,0.6133333333333333,0.1852219738618225,0.21190686962320746,402.9929579619384,mid
SHPRH,gate_x64,0.6133333333333333,0.18522197386182251,0.21190686962320746,402.9929579619384,mid
SIN3B,gene_direct_x64,0.23333333333333328,0.20561728705204974,0.2804194655960055,1228.7734792183364,strong
SIN3B,wavg_x64,0.23333333333333328,0.20561728705204974,0.2804194655960055,1228.7734792183364,strong
SIN3B,gate_x64,0.23333333333333328,0.20561728705204974,0.2804194655960055,1228.7734792183364,strong
SIX4,gene_direct_x64,0.5866666666666667,0.011432135487829446,0.02823225031310003,261.1507534166776,weak
SIX4,wavg_x64,0.5866666666666667,0.011432135487829446,0.02823225031310002,261.1507534166776,weak
SIX4,gate_x64,0.5866666666666667,0.011432135487829446,0.02823225031310003,261.1507534166776,weak
SLC25A3,gene_direct_x64,0.2666666666666667,0.26841711609906177,0.6294399597375269,354.91011013123716,mid
SLC25A3,wavg_x64,0.32666666666666666,0.278607822266994,0.6325058818251295,354.91011013123716,mid
SLC25A3,gate_x64,0.2666666666666667,0.26841711609906177,0.6294399597375269,354.91011013123716,mid
SLC39A6,gene_direct_x64,0.19333333333333336,0.16079920998550706,0.19812671654328382,1581.2955894510706,strong
SLC39A6,wavg_x64,0.19333333333333336,0.16079920998550706,0.19812671654328382,1581.2955894510706,strong
SLC39A6,gate_x64,0.19333333333333336,0.16079920998550706,0.19812671654328382,1581.2955894510706,strong
SMAGP,gene_direct_x64,0.6666666666666667,0.2029558142369297,0.3464998067103713,373.12805674043557,mid
SMAGP,wavg_x64,0.6866666666666666,0.20573133926348866,0.3509224583953963,373.12805674043557,mid
SMAGP,gate_x64,0.6666666666666667,0.2029558142369297,0.3464998067103713,373.12805674043557,mid
SMARCA4,gene_direct_x64,0.046666666666666634,0.09930264613263458,0.13167023036790665,1731.9605564626581,strong
SMARCA4,wavg_x64,0.046666666666666634,0.09930264613263458,0.13167023036790665,1731.9605564626581,strong
SMARCA4,gate_x64,0.046666666666666634,0.09930264613263458,0.13167023036790665,1731.9605564626581,strong
SMARCA5,gene_direct_x64,0.15333333333333332,0.11922926844727398,0.16466071438242763,977.4984159932101,strong
SMARCA5,wavg_x64,0.15333333333333332,0.11922926844727398,0.16466071438242763,977.4984159932101,strong
SMARCA5,gate_x64,0.15333333333333332,0.11922926844727398,0.16466071438242763,977.4984159932101,strong
SOX2,gene_direct_x64,0.07999999999999996,-0.004500023925907671,0.0879038058184563,1097.8475398149676,strong
SOX2,wavg_x64,0.07999999999999996,-0.004500023925907671,0.08790380581845629,1097.8475398149676,strong
SOX2,gate_x64,0.07999999999999996,-0.004500023925907671,0.0879038058184563,1097.8475398149676,strong
SSBP1,gene_direct_x64,0.9066666666666666,0.21669934535754284,0.3386846697292978,423.6704043009777,mid
SSBP1,wavg_x64,0.8333333333333334,0.21604310166621069,0.3469266557936801,423.6704043009777,mid
SSBP1,gate_x64,0.9066666666666666,0.21669934535754284,0.3386846697292978,423.6704043009777,mid
STAG2,gene_direct_x64,0.2733333333333333,0.08058783523982929,0.17021104573196275,716.3635953438097,strong
STAG2,wavg_x64,0.28,0.09053964944647201,0.15529292537103048,716.3635953438097,strong
STAG2,gate_x64,0.2733333333333333,0.08058783523982929,0.17021104573196275,716.3635953438097,strong
STAT1,gene_direct_x64,0.9933333333333333,0.11460776149527223,0.16598254320366568,116.34686629346106,weak
STAT1,wavg_x64,0.9933333333333333,0.11460776149527223,0.16598254320366568,116.34686629346106,weak
STAT1,gate_x64,0.9933333333333333,0.11460776149527223,0.16598254320366568,116.34686629346106,weak
STAT6,gene_direct_x64,0.4866666666666667,0.031024015483757734,0.03077581357470251,334.8609446821938,mid
STAT6,wavg_x64,0.4866666666666667,0.031024015483757734,0.03077581357470251,334.8609446821938,mid
STAT6,gate_x64,0.4866666666666667,0.031024015483757734,0.03077581357470251,334.8609446821938,mid
STX4,gene_direct_x64,0.7,0.027751271177868405,0.05181619862325059,282.08889647869364,weak
STX4,wavg_x64,0.7,0.027751271177868405,0.05181619862325059,282.08889647869364,weak
STX4,gate_x64,0.7,0.027751271177868405,0.05181619862325059,282.08889647869364,weak
SUPT4H1,gene_direct_x64,1.0,0.31189916280715085,0.07926481818359059,1963.2396630726507,strong
SUPT4H1,wavg_x64,1.0,0.3078527466945509,0.09924803869118444,1963.2396630726507,strong
SUPT4H1,gate_x64,1.0,0.31189916280715085,0.07926481818359059,1963.2396630726507,strong
TADA1,gene_direct_x64,0.6066666666666667,0.18106755092213928,0.19790797219373088,777.2776420616465,strong
TADA1,wavg_x64,0.6066666666666667,0.18213687020330874,0.19985534521077392,777.2776420616465,strong
TADA1,gate_x64,0.6066666666666667,0.18106755092213928,0.19790797219373088,777.2776420616465,strong
TAF13,gene_direct_x64,1.0,0.2691866630158828,0.425388612465343,1418.7679453376259,strong
TAF13,wavg_x64,0.96,0.25814333267420164,0.4244168044791095,1418.7679453376259,strong
TAF13,gate_x64,1.0,0.2691866630158828,0.425388612465343,1418.7679453376259,strong
TARBP2,gene_direct_x64,0.8,0.024531829679446036,0.07045349113606268,195.90610669104353,weak
TARBP2,wavg_x64,0.8,0.024531829679446036,0.07045349113606268,195.90610669104353,weak
TARBP2,gate_x64,0.8,0.024531829679446036,0.07045349113606268,195.90610669104353,weak
TAZ,gene_direct_x64,0.9333333333333333,0.17743415278933006,0.28021356958364074,246.87904312377214,weak
TAZ,wavg_x64,0.9266666666666666,0.17769508179923155,0.2838180649052822,246.87904312377214,weak
TAZ,gate_x64,0.9333333333333333,0.17743415278933006,0.28021356958364074,246.87904312377214,weak
TCF3,gene_direct_x64,0.76,0.07028618278636689,0.1409648344873634,200.81618910941688,weak
TCF3,wavg_x64,0.76,0.07028618278636689,0.1409648344873634,200.81618910941688,weak
TCF3,gate_x64,0.76,0.07028618278636689,0.1409648344873634,200.81618910941688,weak
TET1,gene_direct_x64,0.6866666666666666,0.09216965108349405,0.14682090106343512,232.87286137233968,weak
TET1,wavg_x64,0.6866666666666666,0.09216965108349405,0.14682090106343512,232.87286137233968,weak
TET1,gate_x64,0.6866666666666666,0.09216965108349405,0.14682090106343512,232.87286137233968,weak
TFAM,gene_direct_x64,0.33999999999999997,0.1911355232300464,0.3685527130199767,564.0038374622382,strong
TFAM,wavg_x64,0.33999999999999997,0.18300509315007027,0.3709744447417957,564.0038374622382,strong
TFAM,gate_x64,0.33999999999999997,0.1911355232300464,0.3685527130199767,564.0038374622382,strong
TMBIM6,gene_direct_x64,0.5,0.12446269506035045,0.4410539357135005,311.30374359352936,mid
TMBIM6,wavg_x64,0.5,0.12446269506035045,0.4410539357135005,311.30374359352936,mid
TMBIM6,gate_x64,0.5,0.12446269506035045,0.4410539357135005,311.30374359352936,mid
TMSB10,gene_direct_x64,1.0,0.39672586960926093,0.5261619755655387,588.4888747671866,strong
TMSB10,wavg_x64,1.0,0.3997406218237235,0.5212819226003367,588.4888747671866,strong
TMSB10,gate_x64,1.0,0.39672586960926093,0.5261619755655387,588.4888747671866,strong
TMSB4X,gene_direct_x64,0.9933333333333333,0.3184098624453204,0.5593458070723478,120.07755070106396,weak
TMSB4X,wavg_x64,0.9933333333333333,0.3184098624453204,0.5593458070723478,120.07755070106396,weak
TMSB4X,gate_x64,0.9933333333333333,0.3184098624453204,0.5593458070723478,120.07755070106396,weak
TRAM2,gene_direct_x64,0.9,0.09827377980399002,0.1465788135389848,174.28470698669844,weak
TRAM2,wavg_x64,0.9,0.09827377980399002,0.1465788135389848,174.28470698669844,weak
TRAM2,gate_x64,0.9,0.09827377980399002,0.1465788135389848,174.28470698669844,weak
TRAPPC6A,gene_direct_x64,0.29333333333333333,0.08749031438291478,0.1521278029092373,486.008787808345,mid
TRAPPC6A,wavg_x64,0.29333333333333333,0.08749031438291478,0.1521278029092373,486.008787808345,mid
TRAPPC6A,gate_x64,0.29333333333333333,0.08749031438291478,0.1521278029092373,486.008787808345,mid
TSC22D4,gene_direct_x64,0.98,0.1986358193061369,0.11216585010405951,258.07255078431444,weak
TSC22D4,wavg_x64,0.98,0.1986358193061369,0.11216585010405951,258.07255078431444,weak
TSC22D4,gate_x64,0.98,0.1986358193061369,0.11216585010405951,258.07255078431444,weak
TWF2,gene_direct_x64,0.88,0.10361761574275759,0.1795143030485661,163.2695293108336,weak
TWF2,wavg_x64,0.88,0.10361761574275759,0.1795143030485661,163.2695293108336,weak
TWF2,gate_x64,0.88,0.10361761574275759,0.1795143030485661,163.2695293108336,weak
TXNDC9,gene_direct_x64,0.56,0.08244154357738652,0.15055376843585846,446.9957310429345,mid
TXNDC9,wavg_x64,0.56,0.08244154357738652,0.15055376843585846,446.9957310429345,mid
TXNDC9,gate_x64,0.56,0.08244154357738652,0.15055376843585846,446.9957310429345,mid
UBE3C,gene_direct_x64,0.9533333333333334,0.3414524712552987,0.2931723068038504,467.76099780562254,mid
UBE3C,wavg_x64,0.9533333333333334,0.3382550002490285,0.2957288319178544,467.76099780562254,mid
UBE3C,gate_x64,0.9533333333333334,0.3414524712552987,0.2931723068038504,467.76099780562254,mid
UQCRQ,gene_direct_x64,0.6466666666666667,0.20289485305301871,0.5102600864565884,364.05020865149345,mid
UQCRQ,wavg_x64,0.6733333333333333,0.2123569418197569,0.5228270318052013,364.05020865149345,mid
UQCRQ,gate_x64,0.6466666666666667,0.20289485305301871,0.5102600864565884,364.05020865149345,mid
USP22,gene_direct_x64,0.6599999999999999,0.12618371708036905,0.18772773259170278,273.3545315794436,weak
USP22,wavg_x64,0.6599999999999999,0.12618371708036905,0.18772773259170278,273.3545315794436,weak
USP22,gate_x64,0.6599999999999999,0.12618371708036905,0.18772773259170278,273.3545315794436,weak
WSB2,gene_direct_x64,0.4,0.1294454495960695,-0.006811852318681768,483.6653583672887,mid
WSB2,wavg_x64,0.4,0.1294454495960695,-0.006811852318681773,483.6653583672887,mid
WSB2,gate_x64,0.4,0.1294454495960695,-0.006811852318681768,483.6653583672887,mid
XRCC4,gene_direct_x64,0.4066666666666666,0.031855921819337184,0.14646412813649357,545.1461258159507,strong
XRCC4,wavg_x64,0.4066666666666666,0.03185592181933718,0.14646412813649357,545.1461258159507,strong
XRCC4,gate_x64,0.4066666666666666,0.031855921819337184,0.14646412813649357,545.1461258159507,strong
ZNF286A,gene_direct_x64,0.8733333333333333,0.02512550110640995,0.038666320148533,153.49909710791326,weak
ZNF286A,wavg_x64,0.8733333333333333,0.02512550110640995,0.038666320148533,153.49909710791326,weak
ZNF286A,gate_x64,0.8733333333333333,0.02512550110640995,0.038666320148533,153.49909710791326,weak
ZNF426,gene_direct_x64,0.8733333333333333,0.02811751553351208,0.0570000163324349,152.70478025201373,weak
ZNF426,wavg_x64,0.8733333333333333,0.02811751553351208,0.0570000163324349,152.70478025201373,weak
ZNF426,gate_x64,0.8733333333333333,0.02811751553351208,0.0570000163324349,152.70478025201373,weak
ZNF562,gene_direct_x64,0.6666666666666667,0.057856754883313655,0.07000270743960058,251.011677527782,weak
ZNF562,wavg_x64,0.6666666666666667,0.057856754883313655,0.07000270743960059,251.011677527782,weak
ZNF562,gate_x64,0.6666666666666667,0.057856754883313655,0.07000270743960058,251.011677527782,weak
ZNF593,gene_direct_x64,0.5933333333333333,0.11851530146330345,0.23644492240470869,346.44585712932894,mid
ZNF593,wavg_x64,0.5933333333333333,0.11851530146330345,0.23644492240470869,346.44585712932894,mid
ZNF593,gate_x64,0.5933333333333333,0.11851530146330345,0.23644492240470869,346.44585712932894,mid
ZNF714,gene_direct_x64,0.8266666666666667,0.05791508288285503,0.11153595961067886,178.8126795892167,weak
ZNF714,wavg_x64,0.8266666666666667,0.05791508288285502,0.11153595961067886,178.8126795892167,weak
ZNF714,gate_x64,0.8266666666666667,0.05791508288285503,0.11153595961067886,178.8126795892167,weak
