pert,model,des,k_true,h1_l1,tier
ACAT2,gene_direct,0.3364251692153422,3989,539.3216861297769,strong
ACAT2,h1_mean,0.43394334419654046,3989,539.3216861297769,strong
ACAT2,gene_top50,0.22160942592128352,3989,539.3216861297769,strong
ACAT2,gene_top100,0.22261218350463777,3989,539.3216861297769,strong
ACAT2,gene_top200,0.22662321383805464,3989,539.3216861297769,strong
ACAT2,gene_top500,0.2313863123589872,3989,539.3216861297769,strong
ACVR1B,gene_direct,0.06240713224368499,673,275.61779581246265,weak
ACVR1B,h1_mean,0.18722139673105498,673,275.61779581246265,weak
ACVR1B,gene_top50,0.03714710252600297,673,275.61779581246265,weak
ACVR1B,gene_top100,0.03417533432392273,673,275.61779581246265,weak
ACVR1B,gene_top200,0.03714710252600297,673,275.61779581246265,weak
ACVR1B,gene_top500,0.0549777117384844,673,275.61779581246265,weak
AKT2,gene_direct,0.07380073800738007,542,277.1425954759761,weak
AKT2,h1_mean,0.14206642066420663,542,277.1425954759761,weak
AKT2,gene_top50,0.046125461254612546,542,277.1425954759761,weak
AKT2,gene_top100,0.04797047970479705,542,277.1425954759761,weak
AKT2,gene_top200,0.055350553505535055,542,277.1425954759761,weak
AKT2,gene_top500,0.07011070110701106,542,277.1425954759761,weak
ARID1A,gene_direct,0.29098837209302325,3440,518.2172098637311,mid
ARID1A,h1_mean,0.3883720930232558,3440,518.2172098637311,mid
ARID1A,gene_top50,0.19883720930232557,3440,518.2172098637311,mid
ARID1A,gene_top100,0.1994186046511628,3440,518.2172098637311,mid
ARID1A,gene_top200,0.2052325581395349,3440,518.2172098637311,mid
ARID1A,gene_top500,0.21569767441860466,3440,518.2172098637311,mid
ATM,gene_direct,0.30752621838371375,3242,656.6624912182597,strong
ATM,h1_mean,0.4244293645897594,3242,656.6624912182597,strong
ATM,gene_top50,0.18969771745835903,3242,656.6624912182597,strong
ATM,gene_top100,0.19247378161628625,3242,656.6624912182597,strong
ATM,gene_top200,0.1986428130783467,3242,656.6624912182597,strong
ATM,gene_top500,0.21283158544108574,3242,656.6624912182597,strong
ATP6V0B,gene_direct,0.03571428571428571,56,380.5375562848167,mid
ATP6V0B,h1_mean,0.08928571428571429,56,380.5375562848167,mid
ATP6V0B,gene_top50,0.03571428571428571,56,380.5375562848167,mid
ATP6V0B,gene_top100,0.03571428571428571,56,380.5375562848167,mid
ATP6V0B,gene_top200,0.03571428571428571,56,380.5375562848167,mid
ATP6V0B,gene_top500,0.03571428571428571,56,380.5375562848167,mid
ATP6V0C,gene_direct,0.07142857142857142,98,1066.6549765848213,strong
ATP6V0C,h1_mean,0.08163265306122448,98,1066.6549765848213,strong
ATP6V0C,gene_top50,0.061224489795918366,98,1066.6549765848213,strong
ATP6V0C,gene_top100,0.07142857142857142,98,1066.6549765848213,strong
ATP6V0C,gene_top200,0.07142857142857142,98,1066.6549765848213,strong
ATP6V0C,gene_top500,0.07142857142857142,98,1066.6549765848213,strong
BIRC2,gene_direct,0.46287927695287284,4647,532.7302886944417,mid
BIRC2,h1_mean,0.65848934796643,4647,532.7302886944417,mid
BIRC2,gene_top50,0.26662362814719176,4647,532.7302886944417,mid
BIRC2,gene_top100,0.2679147837314396,4647,532.7302886944417,mid
BIRC2,gene_top200,0.27307940606843123,4647,532.7302886944417,mid
BIRC2,gene_top500,0.2868517323004089,4647,532.7302886944417,mid
BRD9,gene_direct,0.06299212598425197,254,953.0837602631691,strong
BRD9,h1_mean,0.22440944881889763,254,953.0837602631691,strong
BRD9,gene_top50,0.023622047244094488,254,953.0837602631691,strong
BRD9,gene_top100,0.023622047244094488,254,953.0837602631691,strong
BRD9,gene_top200,0.05511811023622047,254,953.0837602631691,strong
BRD9,gene_top500,0.06299212598425197,254,953.0837602631691,strong
C1QBP,gene_direct,0.48429822687459945,4681,626.7133262989628,strong
C1QBP,h1_mean,0.630420850245674,4681,626.7133262989628,strong
C1QBP,gene_top50,0.25592822046571245,4681,626.7133262989628,strong
C1QBP,gene_top100,0.2587054048280282,4681,626.7133262989628,strong
C1QBP,gene_top200,0.2661824396496475,4681,626.7133262989628,strong
C1QBP,gene_top500,0.2834864345225379,4681,626.7133262989628,strong
CALM3,gene_direct,0.11402359108781127,763,401.40694722824264,mid
CALM3,h1_mean,0.1218872870249017,763,401.40694722824264,mid
CALM3,gene_top50,0.04980340760157274,763,401.40694722824264,mid
CALM3,gene_top100,0.053735255570117955,763,401.40694722824264,mid
CALM3,gene_top200,0.06290956749672345,763,401.40694722824264,mid
CALM3,gene_top500,0.09174311926605505,763,401.40694722824264,mid
CASP2,gene_direct,0.05555555555555555,18,167.50471709625344,weak
CASP2,h1_mean,0.0,18,167.50471709625344,weak
CASP2,gene_top50,0.05555555555555555,18,167.50471709625344,weak
CASP2,gene_top100,0.05555555555555555,18,167.50471709625344,weak
CASP2,gene_top200,0.05555555555555555,18,167.50471709625344,weak
CASP2,gene_top500,0.05555555555555555,18,167.50471709625344,weak
CASP3,gene_direct,0.5997504289502418,6411,802.2093092653886,strong
CASP3,h1_mean,0.7167368585244112,6411,802.2093092653886,strong
CASP3,gene_top50,0.361410076431134,6411,802.2093092653886,strong
CASP3,gene_top100,0.3626579316799251,6411,802.2093092653886,strong
CASP3,gene_top200,0.36593355170800185,6411,802.2093092653886,strong
CASP3,gene_top500,0.37700826704102325,6411,802.2093092653886,strong
CAST,gene_direct,0.23946994794131565,2113,337.5498944532701,mid
CAST,h1_mean,0.4178892569805963,2113,337.5498944532701,mid
CAST,gene_top50,0.12872692853762424,2113,337.5498944532701,mid
CAST,gene_top100,0.1282536677709418,2113,337.5498944532701,mid
CAST,gene_top200,0.1329862754377662,2113,337.5498944532701,mid
CAST,gene_top500,0.15238996687174633,2113,337.5498944532701,mid
CDCA2,gene_direct,0.02158273381294964,278,213.50087349961177,weak
CDCA2,h1_mean,0.16906474820143885,278,213.50087349961177,weak
CDCA2,gene_top50,0.02158273381294964,278,213.50087349961177,weak
CDCA2,gene_top100,0.02877697841726619,278,213.50087349961177,weak
CDCA2,gene_top200,0.025179856115107913,278,213.50087349961177,weak
CDCA2,gene_top500,0.02158273381294964,278,213.50087349961177,weak
CENPO,gene_direct,0.09142053445850915,711,297.83834842007127,mid
CENPO,h1_mean,0.3066104078762307,711,297.83834842007127,mid
CENPO,gene_top50,0.0450070323488045,711,297.83834842007127,mid
CENPO,gene_top100,0.0450070323488045,711,297.83834842007127,mid
CENPO,gene_top200,0.06047819971870605,711,297.83834842007127,mid
CENPO,gene_top500,0.07735583684950774,711,297.83834842007127,mid
CHMP3,gene_direct,0.21288515406162464,2142,390.77709899896945,mid
CHMP3,h1_mean,0.28944911297852477,2142,390.77709899896945,mid
CHMP3,gene_top50,0.1330532212885154,2142,390.77709899896945,mid
CHMP3,gene_top100,0.13725490196078433,2142,390.77709899896945,mid
CHMP3,gene_top200,0.14098972922502334,2142,390.77709899896945,mid
CHMP3,gene_top500,0.15779645191409897,2142,390.77709899896945,mid
CLDN6,gene_direct,0.0,29,229.63225801379667,weak
CLDN6,h1_mean,0.0,29,229.63225801379667,weak
CLDN6,gene_top50,0.0,29,229.63225801379667,weak
CLDN6,gene_top100,0.0,29,229.63225801379667,weak
CLDN6,gene_top200,0.0,29,229.63225801379667,weak
CLDN6,gene_top500,0.0,29,229.63225801379667,weak
CLDN7,gene_direct,0.024489795918367346,245,229.35459083430032,weak
CLDN7,h1_mean,0.09795918367346938,245,229.35459083430032,weak
CLDN7,gene_top50,0.012244897959183673,245,229.35459083430032,weak
CLDN7,gene_top100,0.0163265306122449,245,229.35459083430032,weak
CLDN7,gene_top200,0.024489795918367346,245,229.35459083430032,weak
CLDN7,gene_top500,0.024489795918367346,245,229.35459083430032,weak
CREG1,gene_direct,0.047619047619047616,21,131.32642961225793,weak
CREG1,h1_mean,0.0,21,131.32642961225793,weak
CREG1,gene_top50,0.047619047619047616,21,131.32642961225793,weak
CREG1,gene_top100,0.047619047619047616,21,131.32642961225793,weak
CREG1,gene_top200,0.047619047619047616,21,131.32642961225793,weak
CREG1,gene_top500,0.047619047619047616,21,131.32642961225793,weak
DAXX,gene_direct,0.13,1100,284.6158954460916,mid
DAXX,h1_mean,0.22272727272727272,1100,284.6158954460916,mid
DAXX,gene_top50,0.06909090909090909,1100,284.6158954460916,mid
DAXX,gene_top100,0.07181818181818182,1100,284.6158954460916,mid
DAXX,gene_top200,0.08,1100,284.6158954460916,mid
DAXX,gene_top500,0.10272727272727272,1100,284.6158954460916,mid
DHCR24,gene_direct,0.033444816053511704,299,219.41366998358717,weak
DHCR24,h1_mean,0.12374581939799331,299,219.41366998358717,weak
DHCR24,gene_top50,0.026755852842809364,299,219.41366998358717,weak
DHCR24,gene_top100,0.030100334448160536,299,219.41366998358717,weak
DHCR24,gene_top200,0.030100334448160536,299,219.41366998358717,weak
DHCR24,gene_top500,0.033444816053511704,299,219.41366998358717,weak
DHX36,gene_direct,0.6541091781643671,8335,1279.046007136316,strong
DHX36,h1_mean,0.7186562687462508,8335,1279.046007136316,strong
DHX36,gene_top50,0.4668266346730654,8335,1279.046007136316,strong
DHX36,gene_top100,0.46790641871625677,8335,1279.046007136316,strong
DHX36,gene_top200,0.46994601079784043,8335,1279.046007136316,strong
DHX36,gene_top500,0.47810437912417514,8335,1279.046007136316,strong
DLG5,gene_direct,0.10170940170940171,1170,345.2914160946566,mid
DLG5,h1_mean,0.24615384615384617,1170,345.2914160946566,mid
DLG5,gene_top50,0.06495726495726496,1170,345.2914160946566,mid
DLG5,gene_top100,0.06666666666666667,1170,345.2914160946566,mid
DLG5,gene_top200,0.07008547008547009,1170,345.2914160946566,mid
DLG5,gene_top500,0.08205128205128205,1170,345.2914160946566,mid
DNAJA3,gene_direct,0.3316633266533066,1996,1354.5528998880072,strong
DNAJA3,h1_mean,0.4849699398797595,1996,1354.5528998880072,strong
DNAJA3,gene_top50,0.13527054108216433,1996,1354.5528998880072,strong
DNAJA3,gene_top100,0.1467935871743487,1996,1354.5528998880072,strong
DNAJA3,gene_top200,0.16432865731462926,1996,1354.5528998880072,strong
DNAJA3,gene_top500,0.20791583166332667,1996,1354.5528998880072,strong
DNMT1,gene_direct,0.5840143003064351,7832,1217.1912972959708,strong
DNMT1,h1_mean,0.6667517875383044,7832,1217.1912972959708,strong
DNMT1,gene_top50,0.4346271705822268,7832,1217.1912972959708,strong
DNMT1,gene_top100,0.4353932584269663,7832,1217.1912972959708,strong
DNMT1,gene_top200,0.4374361593462717,7832,1217.1912972959708,strong
DNMT1,gene_top500,0.44126659856996936,7832,1217.1912972959708,strong
EID2,gene_direct,0.07142857142857142,14,182.26110675808377,weak
EID2,h1_mean,0.0,14,182.26110675808377,weak
EID2,gene_top50,0.07142857142857142,14,182.26110675808377,weak
EID2,gene_top100,0.07142857142857142,14,182.26110675808377,weak
EID2,gene_top200,0.07142857142857142,14,182.26110675808377,weak
EID2,gene_top500,0.07142857142857142,14,182.26110675808377,weak
EIF4B,gene_direct,0.3887331124139689,3923,503.7977523695263,mid
EIF4B,h1_mean,0.43945959724700484,3923,503.7977523695263,mid
EIF4B,gene_top50,0.2238083099668621,3923,503.7977523695263,mid
EIF4B,gene_top100,0.22941626306398163,3923,503.7977523695263,mid
EIF4B,gene_top200,0.23808309966862096,3923,503.7977523695263,mid
EIF4B,gene_top500,0.2513382615345399,3923,503.7977523695263,mid
EPB41L2,gene_direct,0.32767402376910015,3534,1054.3737970006805,strong
EPB41L2,h1_mean,0.3638936049801924,3534,1054.3737970006805,strong
EPB41L2,gene_top50,0.20797962648556875,3534,1054.3737970006805,strong
EPB41L2,gene_top100,0.21222410865874364,3534,1054.3737970006805,strong
EPB41L2,gene_top200,0.21760045274476514,3534,1054.3737970006805,strong
EPB41L2,gene_top500,0.23118279569892472,3534,1054.3737970006805,strong
EPHB4,gene_direct,0.3263582966226138,2724,773.076519006132,strong
EPHB4,h1_mean,0.5818649045521292,2724,773.076519006132,strong
EPHB4,gene_top50,0.16005873715124816,2724,773.076519006132,strong
EPHB4,gene_top100,0.1633627019089574,2724,773.076519006132,strong
EPHB4,gene_top200,0.1696035242290749,2724,773.076519006132,strong
EPHB4,gene_top500,0.18759177679882524,2724,773.076519006132,strong
ETV4,gene_direct,0.2563422945853843,2641,820.8018508805653,strong
ETV4,h1_mean,0.3335857629685725,2641,820.8018508805653,strong
ETV4,gene_top50,0.1476713366149186,2641,820.8018508805653,strong
ETV4,gene_top100,0.15259371450208253,2641,820.8018508805653,strong
ETV4,gene_top200,0.15903067020068157,2641,820.8018508805653,strong
ETV4,gene_top500,0.1783415372964786,2641,820.8018508805653,strong
EWSR1,gene_direct,0.507661799170723,5547,838.9224797488241,strong
EWSR1,h1_mean,0.5705786911844241,5547,838.9224797488241,strong
EWSR1,gene_top50,0.32269695330809445,5547,838.9224797488241,strong
EWSR1,gene_top100,0.32486028483865154,5547,838.9224797488241,strong
EWSR1,gene_top200,0.3302686136650442,5547,838.9224797488241,strong
EWSR1,gene_top500,0.34054443843519017,5547,838.9224797488241,strong
FDPS,gene_direct,0.3334437086092715,3020,1123.996496214062,strong
FDPS,h1_mean,0.5105960264900662,3020,1123.996496214062,strong
FDPS,gene_top50,0.17880794701986755,3020,1123.996496214062,strong
FDPS,gene_top100,0.1827814569536424,3020,1123.996496214062,strong
FDPS,gene_top200,0.18774834437086094,3020,1123.996496214062,strong
FDPS,gene_top500,0.21026490066225165,3020,1123.996496214062,strong
FOXH1,gene_direct,0.018255578093306288,493,230.32673769337634,weak
FOXH1,h1_mean,0.11561866125760649,493,230.32673769337634,weak
FOXH1,gene_top50,0.02231237322515213,493,230.32673769337634,weak
FOXH1,gene_top100,0.02231237322515213,493,230.32673769337634,weak
FOXH1,gene_top200,0.02434077079107505,493,230.32673769337634,weak
FOXH1,gene_top500,0.018255578093306288,493,230.32673769337634,weak
GSK3B,gene_direct,0.2172211350293542,2555,470.1700807137131,mid
GSK3B,h1_mean,0.3041095890410959,2555,470.1700807137131,mid
GSK3B,gene_top50,0.1365949119373777,2555,470.1700807137131,mid
GSK3B,gene_top100,0.13581213307240705,2555,470.1700807137131,mid
GSK3B,gene_top200,0.14050880626223092,2555,470.1700807137131,mid
GSK3B,gene_top500,0.15459882583170254,2555,470.1700807137131,mid
HAT1,gene_direct,0.08171206225680934,771,286.0246947731539,mid
HAT1,h1_mean,0.185473411154345,771,286.0246947731539,mid
HAT1,gene_top50,0.055771725032425425,771,286.0246947731539,mid
HAT1,gene_top100,0.05966277561608301,771,286.0246947731539,mid
HAT1,gene_top200,0.07133592736705577,771,286.0246947731539,mid
HAT1,gene_top500,0.08041504539559015,771,286.0246947731539,mid
HIRA,gene_direct,0.08771929824561403,399,231.6152470666948,weak
HIRA,h1_mean,0.18546365914786966,399,231.6152470666948,weak
HIRA,gene_top50,0.05764411027568922,399,231.6152470666948,weak
HIRA,gene_top100,0.06265664160401002,399,231.6152470666948,weak
HIRA,gene_top200,0.06766917293233082,399,231.6152470666948,weak
HIRA,gene_top500,0.08771929824561403,399,231.6152470666948,weak
HMGB2,gene_direct,0.49396267837541163,4555,453.0842036236172,mid
HMGB2,h1_mean,0.6463227222832053,4555,453.0842036236172,mid
HMGB2,gene_top50,0.26037321624588367,4555,453.0842036236172,mid
HMGB2,gene_top100,0.2636663007683864,4555,453.0842036236172,mid
HMGB2,gene_top200,0.26915477497255763,4555,453.0842036236172,mid
HMGB2,gene_top500,0.2836443468715697,4555,453.0842036236172,mid
HMGN1,gene_direct,0.1,10,137.00360577514948,weak
HMGN1,h1_mean,0.0,10,137.00360577514948,weak
HMGN1,gene_top50,0.1,10,137.00360577514948,weak
HMGN1,gene_top100,0.1,10,137.00360577514948,weak
HMGN1,gene_top200,0.1,10,137.00360577514948,weak
HMGN1,gene_top500,0.1,10,137.00360577514948,weak
HSBP1,gene_direct,0.1473010064043916,1093,721.4182504001765,strong
HSBP1,h1_mean,0.3110704483074108,1093,721.4182504001765,strong
HSBP1,gene_top50,0.06404391582799634,1093,721.4182504001765,strong
HSBP1,gene_top100,0.06953339432753888,1093,721.4182504001765,strong
HSBP1,gene_top200,0.07868252516010979,1093,721.4182504001765,strong
HSBP1,gene_top500,0.09606587374199452,1093,721.4182504001765,strong
IDE,gene_direct,0.16666666666666666,12,136.25630480664404,weak
IDE,h1_mean,0.08333333333333333,12,136.25630480664404,weak
IDE,gene_top50,0.16666666666666666,12,136.25630480664404,weak
IDE,gene_top100,0.16666666666666666,12,136.25630480664404,weak
IDE,gene_top200,0.16666666666666666,12,136.25630480664404,weak
IDE,gene_top500,0.16666666666666666,12,136.25630480664404,weak
IGF2R,gene_direct,0.14285714285714285,14,146.31560550234462,weak
IGF2R,h1_mean,0.0,14,146.31560550234462,weak
IGF2R,gene_top50,0.14285714285714285,14,146.31560550234462,weak
IGF2R,gene_top100,0.14285714285714285,14,146.31560550234462,weak
IGF2R,gene_top200,0.14285714285714285,14,146.31560550234462,weak
IGF2R,gene_top500,0.14285714285714285,14,146.31560550234462,weak
IKBKG,gene_direct,0.06528189910979229,337,279.0922283561413,weak
IKBKG,h1_mean,0.228486646884273,337,279.0922283561413,weak
IKBKG,gene_top50,0.01483679525222552,337,279.0922283561413,weak
IKBKG,gene_top100,0.03560830860534125,337,279.0922283561413,weak
IKBKG,gene_top200,0.050445103857566766,337,279.0922283561413,weak
IKBKG,gene_top500,0.06528189910979229,337,279.0922283561413,weak
INSIG1,gene_direct,0.4636546184738956,4980,657.1258275878317,strong
INSIG1,h1_mean,0.5684738955823293,4980,657.1258275878317,strong
INSIG1,gene_top50,0.2817269076305221,4980,657.1258275878317,strong
INSIG1,gene_top100,0.28353413654618476,4980,657.1258275878317,strong
INSIG1,gene_top200,0.29036144578313255,4980,657.1258275878317,strong
INSIG1,gene_top500,0.2995983935742972,4980,657.1258275878317,strong
IRF3,gene_direct,0.06896551724137931,29,170.65812800336062,weak
IRF3,h1_mean,0.0,29,170.65812800336062,weak
IRF3,gene_top50,0.06896551724137931,29,170.65812800336062,weak
IRF3,gene_top100,0.06896551724137931,29,170.65812800336062,weak
IRF3,gene_top200,0.06896551724137931,29,170.65812800336062,weak
IRF3,gene_top500,0.06896551724137931,29,170.65812800336062,weak
KAT2A,gene_direct,0.6179560649474689,7329,971.8105582567914,strong
KAT2A,h1_mean,0.658480010915541,7329,971.8105582567914,strong
KAT2A,gene_top50,0.40960567608132076,7329,971.8105582567914,strong
KAT2A,gene_top100,0.4115158957565834,7329,971.8105582567914,strong
KAT2A,gene_top200,0.41260744985673353,7329,971.8105582567914,strong
KAT2A,gene_top500,0.4172465547823714,7329,971.8105582567914,strong
KDM1A,gene_direct,0.775405892964522,9978,2727.563420060924,strong
KDM1A,h1_mean,0.832431348967729,9978,2727.563420060924,strong
KDM1A,gene_top50,0.5435959110042092,9978,2727.563420060924,strong
KDM1A,gene_top100,0.544798556825015,9978,2727.563420060924,strong
KDM1A,gene_top200,0.546802966526358,9978,2727.563420060924,strong
KDM1A,gene_top500,0.5516135498095811,9978,2727.563420060924,strong
KDM2B,gene_direct,0.17162329615861213,1614,326.13743525515565,mid
KDM2B,h1_mean,0.35811648079306074,1614,326.13743525515565,mid
KDM2B,gene_top50,0.10223048327137546,1614,326.13743525515565,mid
KDM2B,gene_top100,0.10656753407682776,1614,326.13743525515565,mid
KDM2B,gene_top200,0.11400247831474597,1614,326.13743525515565,mid
KDM2B,gene_top500,0.12329615861214374,1614,326.13743525515565,mid
KIF1B,gene_direct,0.15384615384615385,13,119.0705179575707,weak
KIF1B,h1_mean,0.0,13,119.0705179575707,weak
KIF1B,gene_top50,0.15384615384615385,13,119.0705179575707,weak
KIF1B,gene_top100,0.15384615384615385,13,119.0705179575707,weak
KIF1B,gene_top200,0.15384615384615385,13,119.0705179575707,weak
KIF1B,gene_top500,0.15384615384615385,13,119.0705179575707,weak
KIF20A,gene_direct,0.37924392005778956,4153,1201.254221269788,strong
KIF20A,h1_mean,0.4459426920298579,4153,1201.254221269788,strong
KIF20A,gene_top50,0.23838189260775344,4153,1201.254221269788,strong
KIF20A,gene_top100,0.2415121598844209,4153,1201.254221269788,strong
KIF20A,gene_top200,0.2456055863231399,4153,1201.254221269788,strong
KIF20A,gene_top500,0.2607753431254515,4153,1201.254221269788,strong
KLF10,gene_direct,0.5362935928629359,4932,427.0441094544949,mid
KLF10,h1_mean,0.6415247364152473,4932,427.0441094544949,mid
KLF10,gene_top50,0.2808191403081914,4932,427.0441094544949,mid
KLF10,gene_top100,0.2822384428223844,4932,427.0441094544949,mid
KLF10,gene_top200,0.2875101378751014,4932,427.0441094544949,mid
KLF10,gene_top500,0.3004866180048662,4932,427.0441094544949,mid
LRPPRC,gene_direct,0.3988979396262578,4174,537.3005965742886,mid
LRPPRC,h1_mean,0.5764254911356014,4174,537.3005965742886,mid
LRPPRC,gene_top50,0.24556780067081935,4174,537.3005965742886,mid
LRPPRC,gene_top100,0.24844274077623382,4174,537.3005965742886,mid
LRPPRC,gene_top200,0.25443219932918065,4174,537.3005965742886,mid
LRPPRC,gene_top500,0.2654528030666028,4174,537.3005965742886,mid
LZTR1,gene_direct,0.37011137011137013,3861,528.322723437781,mid
LZTR1,h1_mean,0.4967624967624968,3861,528.322723437781,mid
LZTR1,gene_top50,0.23232323232323232,3861,528.322723437781,mid
LZTR1,gene_top100,0.23517223517223518,3861,528.322723437781,mid
LZTR1,gene_top200,0.2413882413882414,3861,528.322723437781,mid
LZTR1,gene_top500,0.252007252007252,3861,528.322723437781,mid
MAP1B,gene_direct,0.07142857142857142,14,208.19411603311528,weak
MAP1B,h1_mean,0.0,14,208.19411603311528,weak
MAP1B,gene_top50,0.07142857142857142,14,208.19411603311528,weak
MAP1B,gene_top100,0.07142857142857142,14,208.19411603311528,weak
MAP1B,gene_top200,0.07142857142857142,14,208.19411603311528,weak
MAP1B,gene_top500,0.07142857142857142,14,208.19411603311528,weak
MAP3K7,gene_direct,0.05714285714285714,35,147.09041808233087,weak
MAP3K7,h1_mean,0.08571428571428572,35,147.09041808233087,weak
MAP3K7,gene_top50,0.05714285714285714,35,147.09041808233087,weak
MAP3K7,gene_top100,0.05714285714285714,35,147.09041808233087,weak
MAP3K7,gene_top200,0.05714285714285714,35,147.09041808233087,weak
MAP3K7,gene_top500,0.05714285714285714,35,147.09041808233087,weak
MAPKAPK2,gene_direct,0.13333333333333333,15,119.51769193329164,weak
MAPKAPK2,h1_mean,0.0,15,119.51769193329164,weak
MAPKAPK2,gene_top50,0.13333333333333333,15,119.51769193329164,weak
MAPKAPK2,gene_top100,0.13333333333333333,15,119.51769193329164,weak
MAPKAPK2,gene_top200,0.13333333333333333,15,119.51769193329164,weak
MAPKAPK2,gene_top500,0.13333333333333333,15,119.51769193329164,weak
MAST2,gene_direct,0.0,30,196.26912748440736,weak
MAST2,h1_mean,0.03333333333333333,30,196.26912748440736,weak
MAST2,gene_top50,0.0,30,196.26912748440736,weak
MAST2,gene_top100,0.0,30,196.26912748440736,weak
MAST2,gene_top200,0.0,30,196.26912748440736,weak
MAST2,gene_top500,0.0,30,196.26912748440736,weak
MAU2,gene_direct,0.5658791129149152,6899,1009.8558957573259,strong
MAU2,h1_mean,0.6422669952166981,6899,1009.8558957573259,strong
MAU2,gene_top50,0.3978837512682998,6899,1009.8558957573259,strong
MAU2,gene_top100,0.399188288157704,6899,1009.8558957573259,strong
MAU2,gene_top200,0.4025221046528482,6899,1009.8558957573259,strong
MAU2,gene_top500,0.41005942890273955,6899,1009.8558957573259,strong
MBTPS1,gene_direct,0.460298266827892,4962,802.4982714554899,strong
MBTPS1,h1_mean,0.6172914147521161,4962,802.4982714554899,strong
MBTPS1,gene_top50,0.2785167271261588,4962,802.4982714554899,strong
MBTPS1,gene_top100,0.2815397017331721,4962,802.4982714554899,strong
MBTPS1,gene_top200,0.2867795243853285,4962,802.4982714554899,strong
MBTPS1,gene_top500,0.29604997984683595,4962,802.4982714554899,strong
MED1,gene_direct,0.4435920577617328,4432,801.2845341905595,strong
MED1,h1_mean,0.5981498194945848,4432,801.2845341905595,strong
MED1,gene_top50,0.24796931407942238,4432,801.2845341905595,strong
MED1,gene_top100,0.24977436823104693,4432,801.2845341905595,strong
MED1,gene_top200,0.2572202166064982,4432,801.2845341905595,strong
MED1,gene_top500,0.27053249097472926,4432,801.2845341905595,strong
MED12,gene_direct,0.24692405600339415,2357,368.30400123534855,mid
MED12,h1_mean,0.3725074246924056,2357,368.30400123534855,mid
MED12,gene_top50,0.12515910055154858,2357,368.30400123534855,mid
MED12,gene_top100,0.12897751378871447,2357,368.30400123534855,mid
MED12,gene_top200,0.13322019516334324,2357,368.30400123534855,mid
MED12,gene_top500,0.14764531183708104,2357,368.30400123534855,mid
MED13,gene_direct,0.20721412125863392,2606,403.77241301639515,mid
MED13,h1_mean,0.3806600153491942,2606,403.77241301639515,mid
MED13,gene_top50,0.14389869531849578,2606,403.77241301639515,mid
MED13,gene_top100,0.1446661550268611,2606,403.77241301639515,mid
MED13,gene_top200,0.1488871834228703,2606,403.77241301639515,mid
MED13,gene_top500,0.15042210283960092,2606,403.77241301639515,mid
MED13L,gene_direct,0.042505592841163314,447,229.34845140561447,weak
MED13L,h1_mean,0.1767337807606264,447,229.34845140561447,weak
MED13L,gene_top50,0.029082774049217,447,229.34845140561447,weak
MED13L,gene_top100,0.026845637583892617,447,229.34845140561447,weak
MED13L,gene_top200,0.03131991051454139,447,229.34845140561447,weak
MED13L,gene_top500,0.042505592841163314,447,229.34845140561447,weak
MED24,gene_direct,0.5480769230769231,6240,1058.5990794623322,strong
MED24,h1_mean,0.7080128205128206,6240,1058.5990794623322,strong
MED24,gene_top50,0.3556089743589744,6240,1058.5990794623322,strong
MED24,gene_top100,0.35705128205128206,6240,1058.5990794623322,strong
MED24,gene_top200,0.3592948717948718,6240,1058.5990794623322,strong
MED24,gene_top500,0.3701923076923077,6240,1058.5990794623322,strong
METTL14,gene_direct,0.739218833600856,9345,2425.713349428781,strong
METTL14,h1_mean,0.7950775815944355,9345,2425.713349428781,strong
METTL14,gene_top50,0.5238095238095238,9345,2425.713349428781,strong
METTL14,gene_top100,0.5243445692883895,9345,2425.713349428781,strong
METTL14,gene_top200,0.5254146602461209,9345,2425.713349428781,strong
METTL14,gene_top500,0.5316211878009631,9345,2425.713349428781,strong
METTL17,gene_direct,0.5597763525735898,6081,742.5850774739556,strong
METTL17,h1_mean,0.7322808748561092,6081,742.5850774739556,strong
METTL17,gene_top50,0.3423778983719783,6081,742.5850774739556,strong
METTL17,gene_top100,0.3423778983719783,6081,742.5850774739556,strong
METTL17,gene_top200,0.3463246176615688,6081,742.5850774739556,strong
METTL17,gene_top500,0.3565203091596777,6081,742.5850774739556,strong
METTL3,gene_direct,0.7449315359303683,9421,2403.0855846965387,strong
METTL3,h1_mean,0.8020380002122917,9421,2403.0855846965387,strong
METTL3,gene_top50,0.5252096380426706,9421,2403.0855846965387,strong
METTL3,gene_top100,0.5259526589534019,9421,2403.0855846965387,strong
METTL3,gene_top200,0.5265895340197432,9421,2403.0855846965387,strong
METTL3,gene_top500,0.532639847149984,9421,2403.0855846965387,strong
MKI67,gene_direct,0.02564102564102564,39,286.8509138031113,mid
MKI67,h1_mean,0.02564102564102564,39,286.8509138031113,mid
MKI67,gene_top50,0.02564102564102564,39,286.8509138031113,mid
MKI67,gene_top100,0.02564102564102564,39,286.8509138031113,mid
MKI67,gene_top200,0.02564102564102564,39,286.8509138031113,mid
MKI67,gene_top500,0.02564102564102564,39,286.8509138031113,mid
MTA1,gene_direct,0.1741424802110818,1516,307.5370347657263,mid
MTA1,h1_mean,0.29353562005277045,1516,307.5370347657263,mid
MTA1,gene_top50,0.08641160949868074,1516,307.5370347657263,mid
MTA1,gene_top100,0.08970976253298153,1516,307.5370347657263,mid
MTA1,gene_top200,0.09828496042216359,1516,307.5370347657263,mid
MTA1,gene_top500,0.10883905013192612,1516,307.5370347657263,mid
NCK2,gene_direct,0.0,8,100.37324332770913,weak
NCK2,h1_mean,0.0,8,100.37324332770913,weak
NCK2,gene_top50,0.0,8,100.37324332770913,weak
NCK2,gene_top100,0.0,8,100.37324332770913,weak
NCK2,gene_top200,0.0,8,100.37324332770913,weak
NCK2,gene_top500,0.0,8,100.37324332770913,weak
NDUFB4,gene_direct,0.1375985977212971,1141,308.72276848680303,mid
NDUFB4,h1_mean,0.1481156879929886,1141,308.72276848680303,mid
NDUFB4,gene_top50,0.06397896581945661,1141,308.72276848680303,mid
NDUFB4,gene_top100,0.06485539000876424,1141,308.72276848680303,mid
NDUFB4,gene_top200,0.0736196319018405,1141,308.72276848680303,mid
NDUFB4,gene_top500,0.09290096406660824,1141,308.72276848680303,mid
NDUFB6,gene_direct,0.1316831683168317,1010,330.3303811847545,mid
NDUFB6,h1_mean,0.13267326732673268,1010,330.3303811847545,mid
NDUFB6,gene_top50,0.06831683168316832,1010,330.3303811847545,mid
NDUFB6,gene_top100,0.07227722772277227,1010,330.3303811847545,mid
NDUFB6,gene_top200,0.08118811881188119,1010,330.3303811847545,mid
NDUFB6,gene_top500,0.09306930693069307,1010,330.3303811847545,mid
NISCH,gene_direct,0.049019607843137254,204,284.5541647150094,mid
NISCH,h1_mean,0.12745098039215685,204,284.5541647150094,mid
NISCH,gene_top50,0.03431372549019608,204,284.5541647150094,mid
NISCH,gene_top100,0.049019607843137254,204,284.5541647150094,mid
NISCH,gene_top200,0.049019607843137254,204,284.5541647150094,mid
NISCH,gene_top500,0.049019607843137254,204,284.5541647150094,mid
NIT1,gene_direct,0.7093124456048738,8043,1059.1670126240115,strong
NIT1,h1_mean,0.763023747357951,8043,1059.1670126240115,strong
NIT1,gene_top50,0.44249658087778193,8043,1059.1670126240115,strong
NIT1,gene_top100,0.443739898047992,8043,1059.1670126240115,strong
NIT1,gene_top200,0.4465995275394753,8043,1059.1670126240115,strong
NIT1,gene_top500,0.45318910854158895,8043,1059.1670126240115,strong
NRAS,gene_direct,0.13043478260869565,23,179.2993712949501,weak
NRAS,h1_mean,0.0,23,179.2993712949501,weak
NRAS,gene_top50,0.13043478260869565,23,179.2993712949501,weak
NRAS,gene_top100,0.13043478260869565,23,179.2993712949501,weak
NRAS,gene_top200,0.13043478260869565,23,179.2993712949501,weak
NRAS,gene_top500,0.13043478260869565,23,179.2993712949501,weak
OXA1L,gene_direct,0.32835024025627335,1873,1349.1168801212589,strong
OXA1L,h1_mean,0.49492792311799255,1873,1349.1168801212589,strong
OXA1L,gene_top50,0.13080619327282433,1873,1349.1168801212589,strong
OXA1L,gene_top100,0.14415376401494928,1873,1349.1168801212589,strong
OXA1L,gene_top200,0.1623064602242392,1873,1349.1168801212589,strong
OXA1L,gene_top500,0.198611852642819,1873,1349.1168801212589,strong
OXCT1,gene_direct,0.294862518089725,2764,497.9459188932706,mid
OXCT1,h1_mean,0.41316931982633864,2764,497.9459188932706,mid
OXCT1,gene_top50,0.16353111432706222,2764,497.9459188932706,mid
OXCT1,gene_top100,0.16606367583212736,2764,497.9459188932706,mid
OXCT1,gene_top200,0.17583212735166426,2764,497.9459188932706,mid
OXCT1,gene_top500,0.19500723589001448,2764,497.9459188932706,mid
PAGR1,gene_direct,0.047520661157024795,484,244.18464629247683,weak
PAGR1,h1_mean,0.1446280991735537,484,244.18464629247683,weak
PAGR1,gene_top50,0.030991735537190084,484,244.18464629247683,weak
PAGR1,gene_top100,0.030991735537190084,484,244.18464629247683,weak
PAGR1,gene_top200,0.030991735537190084,484,244.18464629247683,weak
PAGR1,gene_top500,0.047520661157024795,484,244.18464629247683,weak
PBX1,gene_direct,0.02564102564102564,39,147.80199844991512,weak
PBX1,h1_mean,0.10256410256410256,39,147.80199844991512,weak
PBX1,gene_top50,0.02564102564102564,39,147.80199844991512,weak
PBX1,gene_top100,0.02564102564102564,39,147.80199844991512,weak
PBX1,gene_top200,0.02564102564102564,39,147.80199844991512,weak
PBX1,gene_top500,0.02564102564102564,39,147.80199844991512,weak
PHF10,gene_direct,0.248557944415312,1907,524.5547531894372,mid
PHF10,h1_mean,0.340325117986366,1907,524.5547531894372,mid
PHF10,gene_top50,0.10277923439958049,1907,524.5547531894372,mid
PHF10,gene_top100,0.10854745673833247,1907,524.5547531894372,mid
PHF10,gene_top200,0.11955951756685894,1907,524.5547531894372,mid
PHF10,gene_top500,0.1546932354483482,1907,524.5547531894372,mid
PHF14,gene_direct,0.13657623947614594,1069,326.7809165989602,mid
PHF14,h1_mean,0.23386342376052385,1069,326.7809165989602,mid
PHF14,gene_top50,0.06828811973807297,1069,326.7809165989602,mid
PHF14,gene_top100,0.06922357343311505,1069,326.7809165989602,mid
PHF14,gene_top200,0.07764265668849392,1069,326.7809165989602,mid
PHF14,gene_top500,0.09822263797942002,1069,326.7809165989602,mid
PLCB3,gene_direct,0.1035007610350076,657,316.30159484709293,mid
PLCB3,h1_mean,0.1430745814307458,657,316.30159484709293,mid
PLCB3,gene_top50,0.0563165905631659,657,316.30159484709293,mid
PLCB3,gene_top100,0.0593607305936073,657,316.30159484709293,mid
PLCB3,gene_top200,0.0639269406392694,657,316.30159484709293,mid
PLCB3,gene_top500,0.0867579908675799,657,316.30159484709293,mid
PMS1,gene_direct,0.6666666666666666,3,142.96250255190535,weak
PMS1,h1_mean,0.0,3,142.96250255190535,weak
PMS1,gene_top50,0.6666666666666666,3,142.96250255190535,weak
PMS1,gene_top100,0.6666666666666666,3,142.96250255190535,weak
PMS1,gene_top200,0.6666666666666666,3,142.96250255190535,weak
PMS1,gene_top500,0.6666666666666666,3,142.96250255190535,weak
POLB,gene_direct,0.011560693641618497,173,239.21380308837797,weak
POLB,h1_mean,0.06358381502890173,173,239.21380308837797,weak
POLB,gene_top50,0.005780346820809248,173,239.21380308837797,weak
POLB,gene_top100,0.005780346820809248,173,239.21380308837797,weak
POLB,gene_top200,0.011560693641618497,173,239.21380308837797,weak
POLB,gene_top500,0.011560693641618497,173,239.21380308837797,weak
PRCP,gene_direct,0.0625,16,108.81564259752486,weak
PRCP,h1_mean,0.0625,16,108.81564259752486,weak
PRCP,gene_top50,0.0625,16,108.81564259752486,weak
PRCP,gene_top100,0.0625,16,108.81564259752486,weak
PRCP,gene_top200,0.0625,16,108.81564259752486,weak
PRCP,gene_top500,0.0625,16,108.81564259752486,weak
PRDM14,gene_direct,0.7108165429480382,9430,2660.854773007046,strong
PRDM14,h1_mean,0.8259809119830329,9430,2660.854773007046,strong
PRDM14,gene_top50,0.5262990455991516,9430,2660.854773007046,strong
PRDM14,gene_top100,0.5269353128313892,9430,2660.854773007046,strong
PRDM14,gene_top200,0.5282078472958642,9430,2660.854773007046,strong
PRDM14,gene_top500,0.5337221633085896,9430,2660.854773007046,strong
PRR12,gene_direct,0.1381118881118881,1716,351.02503587074534,mid
PRR12,h1_mean,0.3344988344988345,1716,351.02503587074534,mid
PRR12,gene_top50,0.09557109557109557,1716,351.02503587074534,mid
PRR12,gene_top100,0.09673659673659674,1716,351.02503587074534,mid
PRR12,gene_top200,0.0979020979020979,1716,351.02503587074534,mid
PRR12,gene_top500,0.10431235431235432,1716,351.02503587074534,mid
PTPN1,gene_direct,0.1,10,115.83928570284843,weak
PTPN1,h1_mean,0.0,10,115.83928570284843,weak
PTPN1,gene_top50,0.1,10,115.83928570284843,weak
PTPN1,gene_top100,0.1,10,115.83928570284843,weak
PTPN1,gene_top200,0.1,10,115.83928570284843,weak
PTPN1,gene_top500,0.1,10,115.83928570284843,weak
RAF1,gene_direct,0.04,475,285.6380224484674,mid
RAF1,h1_mean,0.16210526315789472,475,285.6380224484674,mid
RAF1,gene_top50,0.021052631578947368,475,285.6380224484674,mid
RAF1,gene_top100,0.023157894736842106,475,285.6380224484674,mid
RAF1,gene_top200,0.029473684210526315,475,285.6380224484674,mid
RAF1,gene_top500,0.04,475,285.6380224484674,mid
RNF2,gene_direct,0.5486100204177792,6367,712.3931164528967,strong
RNF2,h1_mean,0.66059368619444,6367,712.3931164528967,strong
RNF2,gene_top50,0.36626354641118264,6367,712.3931164528967,strong
RNF2,gene_top100,0.3675200251295744,6367,712.3931164528967,strong
RNF2,gene_top200,0.37050416208575465,6367,712.3931164528967,strong
RNF2,gene_top500,0.37835715407570286,6367,712.3931164528967,strong
RNF20,gene_direct,0.3245501285347044,3112,2137.4812589890826,strong
RNF20,h1_mean,0.3255141388174807,3112,2137.4812589890826,strong
RNF20,gene_top50,0.18348329048843187,3112,2137.4812589890826,strong
RNF20,gene_top100,0.18830334190231363,3112,2137.4812589890826,strong
RNF20,gene_top200,0.19697943444730076,3112,2137.4812589890826,strong
RNF20,gene_top500,0.2101542416452442,3112,2137.4812589890826,strong
RRM1,gene_direct,0.047058823529411764,340,384.66367163629366,mid
RRM1,h1_mean,0.1323529411764706,340,384.66367163629366,mid
RRM1,gene_top50,0.029411764705882353,340,384.66367163629366,mid
RRM1,gene_top100,0.03529411764705882,340,384.66367163629366,mid
RRM1,gene_top200,0.03235294117647059,340,384.66367163629366,mid
RRM1,gene_top500,0.047058823529411764,340,384.66367163629366,mid
SAFB,gene_direct,0.32048263684520306,3398,531.4161940741924,mid
SAFB,h1_mean,0.437021777516186,3398,531.4161940741924,mid
SAFB,gene_top50,0.1968805179517363,3398,531.4161940741924,mid
SAFB,gene_top100,0.19805768098881696,3398,531.4161940741924,mid
SAFB,gene_top200,0.20394349617422014,3398,531.4161940741924,mid
SAFB,gene_top500,0.22042377869334903,3398,531.4161940741924,mid
SALL4,gene_direct,0.34541741128414605,3917,1174.1462003869274,strong
SALL4,h1_mean,0.5442941026295635,3917,1174.1462003869274,strong
SALL4,gene_top50,0.22772529997447025,3917,1174.1462003869274,strong
SALL4,gene_top100,0.2292570845034465,3917,1174.1462003869274,strong
SALL4,gene_top200,0.2333418432473832,3917,1174.1462003869274,strong
SALL4,gene_top500,0.24304314526423282,3917,1174.1462003869274,strong
SDC1,gene_direct,0.1606714628297362,417,537.1478351453916,mid
SDC1,h1_mean,0.19664268585131894,417,537.1478351453916,mid
SDC1,gene_top50,0.06235011990407674,417,537.1478351453916,mid
SDC1,gene_top100,0.08393285371702638,417,537.1478351453916,mid
SDC1,gene_top200,0.11750599520383694,417,537.1478351453916,mid
SDC1,gene_top500,0.1606714628297362,417,537.1478351453916,mid
SEC62,gene_direct,0.49111828825191767,4954,995.846727973727,strong
SEC62,h1_mean,0.6683488090431974,4954,995.846727973727,strong
SEC62,gene_top50,0.2779572062979411,4954,995.846727973727,strong
SEC62,gene_top100,0.2787646346386758,4954,995.846727973727,strong
SEC62,gene_top200,0.2838110617682681,4954,995.846727973727,strong
SEC62,gene_top500,0.29632620104965685,4954,995.846727973727,strong
SHPRH,gene_direct,0.2647058823529412,34,402.9929579619384,mid
SHPRH,h1_mean,0.0,34,402.9929579619384,mid
SHPRH,gene_top50,0.2647058823529412,34,402.9929579619384,mid
SHPRH,gene_top100,0.2647058823529412,34,402.9929579619384,mid
SHPRH,gene_top200,0.2647058823529412,34,402.9929579619384,mid
SHPRH,gene_top500,0.2647058823529412,34,402.9929579619384,mid
SIN3B,gene_direct,0.6223105385774976,7297,1228.7734792183364,strong
SIN3B,h1_mean,0.6948060846923393,7297,1228.7734792183364,strong
SIN3B,gene_top50,0.40605728381526657,7297,1228.7734792183364,strong
SIN3B,gene_top100,0.40811292311909003,7297,1228.7734792183364,strong
SIN3B,gene_top200,0.4107167329039331,7297,1228.7734792183364,strong
SIN3B,gene_top500,0.4174318212964232,7297,1228.7734792183364,strong
SIX4,gene_direct,0.03225806451612903,186,261.1507534166776,weak
SIX4,h1_mean,0.0967741935483871,186,261.1507534166776,weak
SIX4,gene_top50,0.016129032258064516,186,261.1507534166776,weak
SIX4,gene_top100,0.021505376344086023,186,261.1507534166776,weak
SIX4,gene_top200,0.03225806451612903,186,261.1507534166776,weak
SIX4,gene_top500,0.03225806451612903,186,261.1507534166776,weak
SLC25A3,gene_direct,0.12990196078431374,1224,354.91011013123716,mid
SLC25A3,h1_mean,0.18218954248366012,1224,354.91011013123716,mid
SLC25A3,gene_top50,0.07107843137254902,1224,354.91011013123716,mid
SLC25A3,gene_top100,0.07516339869281045,1224,354.91011013123716,mid
SLC25A3,gene_top200,0.08333333333333333,1224,354.91011013123716,mid
SLC25A3,gene_top500,0.08986928104575163,1224,354.91011013123716,mid
SLC39A6,gene_direct,0.6508686376104846,6562,1581.2955894510706,strong
SLC39A6,h1_mean,0.7555623285583664,6562,1581.2955894510706,strong
SLC39A6,gene_top50,0.3633038707711064,6562,1581.2955894510706,strong
SLC39A6,gene_top100,0.3631514782078635,6562,1581.2955894510706,strong
SLC39A6,gene_top200,0.3660469369094788,6562,1581.2955894510706,strong
SLC39A6,gene_top500,0.3776287717159403,6562,1581.2955894510706,strong
SMAGP,gene_direct,0.13400335008375208,1194,373.12805674043557,mid
SMAGP,h1_mean,0.25125628140703515,1194,373.12805674043557,mid
SMAGP,gene_top50,0.07872696817420435,1194,373.12805674043557,mid
SMAGP,gene_top100,0.08542713567839195,1194,373.12805674043557,mid
SMAGP,gene_top200,0.09380234505862646,1194,373.12805674043557,mid
SMAGP,gene_top500,0.11306532663316583,1194,373.12805674043557,mid
SMARCA4,gene_direct,0.681316348195329,9420,1731.9605564626581,strong
SMARCA4,h1_mean,0.7838641188959661,9420,1731.9605564626581,strong
SMARCA4,gene_top50,0.5285562632696391,9420,1731.9605564626581,strong
SMARCA4,gene_top100,0.5285562632696391,9420,1731.9605564626581,strong
SMARCA4,gene_top200,0.5291932059447984,9420,1731.9605564626581,strong
SMARCA4,gene_top500,0.5342887473460722,9420,1731.9605564626581,strong
SMARCA5,gene_direct,0.5560879368658399,7096,977.4984159932101,strong
SMARCA5,h1_mean,0.6261273957158963,7096,977.4984159932101,strong
SMARCA5,gene_top50,0.3996617812852311,7096,977.4984159932101,strong
SMARCA5,gene_top100,0.4007891770011274,7096,977.4984159932101,strong
SMARCA5,gene_top200,0.40431228861330326,7096,977.4984159932101,strong
SMARCA5,gene_top500,0.4096674182638106,7096,977.4984159932101,strong
SOX2,gene_direct,0.5634264538198404,7016,1097.8475398149676,strong
SOX2,h1_mean,0.6567844925883695,7016,1097.8475398149676,strong
SOX2,gene_top50,0.3982326111744584,7016,1097.8475398149676,strong
SOX2,gene_top100,0.39894526795895097,7016,1097.8475398149676,strong
SOX2,gene_top200,0.4016533637400228,7016,1097.8475398149676,strong
SOX2,gene_top500,0.4064994298745724,7016,1097.8475398149676,strong
SSBP1,gene_direct,0.2955301071296638,2707,423.6704043009777,mid
SSBP1,h1_mean,0.4783893609161433,2707,423.6704043009777,mid
SSBP1,gene_top50,0.1684521610639084,2707,423.6704043009777,mid
SSBP1,gene_top100,0.17325452530476543,2707,423.6704043009777,mid
SSBP1,gene_top200,0.17990395271518286,2707,423.6704043009777,mid
SSBP1,gene_top500,0.1935722201699298,2707,423.6704043009777,mid
STAG2,gene_direct,0.4604051565377532,5430,716.3635953438097,strong
STAG2,h1_mean,0.5874769797421732,5430,716.3635953438097,strong
STAG2,gene_top50,0.3101289134438306,5430,716.3635953438097,strong
STAG2,gene_top100,0.31123388581952116,5430,716.3635953438097,strong
STAG2,gene_top200,0.3143646408839779,5430,716.3635953438097,strong
STAG2,gene_top500,0.32081031307550645,5430,716.3635953438097,strong
STAT1,gene_direct,0.10526315789473684,19,116.34686629346106,weak
STAT1,h1_mean,0.0,19,116.34686629346106,weak
STAT1,gene_top50,0.10526315789473684,19,116.34686629346106,weak
STAT1,gene_top100,0.10526315789473684,19,116.34686629346106,weak
STAT1,gene_top200,0.10526315789473684,19,116.34686629346106,weak
STAT1,gene_top500,0.10526315789473684,19,116.34686629346106,weak
STAT6,gene_direct,0.08,975,334.8609446821938,mid
STAT6,h1_mean,0.18871794871794872,975,334.8609446821938,mid
STAT6,gene_top50,0.06358974358974359,975,334.8609446821938,mid
STAT6,gene_top100,0.06461538461538462,975,334.8609446821938,mid
STAT6,gene_top200,0.06564102564102564,975,334.8609446821938,mid
STAT6,gene_top500,0.07282051282051281,975,334.8609446821938,mid
STX4,gene_direct,0.06463878326996197,526,282.08889647869364,weak
STX4,h1_mean,0.12357414448669202,526,282.08889647869364,weak
STX4,gene_top50,0.026615969581749048,526,282.08889647869364,weak
STX4,gene_top100,0.022813688212927757,526,282.08889647869364,weak
STX4,gene_top200,0.039923954372623575,526,282.08889647869364,weak
STX4,gene_top500,0.06653992395437262,526,282.08889647869364,weak
SUPT4H1,gene_direct,0.69327251995439,8770,1963.2396630726507,strong
SUPT4H1,h1_mean,0.7850627137970353,8770,1963.2396630726507,strong
SUPT4H1,gene_top50,0.48973774230330674,8770,1963.2396630726507,strong
SUPT4H1,gene_top100,0.4908779931584949,8770,1963.2396630726507,strong
SUPT4H1,gene_top200,0.4925883694412771,8770,1963.2396630726507,strong
SUPT4H1,gene_top500,0.49863169897377424,8770,1963.2396630726507,strong
TADA1,gene_direct,0.505800464037123,6034,777.2776420616465,strong
TADA1,h1_mean,0.5719257540603249,6034,777.2776420616465,strong
TADA1,gene_top50,0.33476963871395427,6034,777.2776420616465,strong
TADA1,gene_top100,0.33592973152137884,6034,777.2776420616465,strong
TADA1,gene_top200,0.34023864766324163,6034,777.2776420616465,strong
TADA1,gene_top500,0.347364932051707,6034,777.2776420616465,strong
TAF13,gene_direct,0.4424389170151882,4543,1418.7679453376259,strong
TAF13,h1_mean,0.5760510675764913,4543,1418.7679453376259,strong
TAF13,gene_top50,0.2665639445300462,4543,1418.7679453376259,strong
TAF13,gene_top100,0.2700858463570328,4543,1418.7679453376259,strong
TAF13,gene_top200,0.27646929341844595,4543,1418.7679453376259,strong
TAF13,gene_top500,0.2896764252696456,4543,1418.7679453376259,strong
TARBP2,gene_direct,0.04326923076923077,208,195.90610669104353,weak
TARBP2,h1_mean,0.0673076923076923,208,195.90610669104353,weak
TARBP2,gene_top50,0.028846153846153848,208,195.90610669104353,weak
TARBP2,gene_top100,0.038461538461538464,208,195.90610669104353,weak
TARBP2,gene_top200,0.04326923076923077,208,195.90610669104353,weak
TARBP2,gene_top500,0.04326923076923077,208,195.90610669104353,weak
TAZ,gene_direct,0.11875,160,246.87904312377214,weak
TAZ,h1_mean,0.08125,160,246.87904312377214,weak
TAZ,gene_top50,0.05625,160,246.87904312377214,weak
TAZ,gene_top100,0.075,160,246.87904312377214,weak
TAZ,gene_top200,0.11875,160,246.87904312377214,weak
TAZ,gene_top500,0.11875,160,246.87904312377214,weak
TCF3,gene_direct,0.03875968992248062,129,200.81618910941688,weak
TCF3,h1_mean,0.07751937984496124,129,200.81618910941688,weak
TCF3,gene_top50,0.031007751937984496,129,200.81618910941688,weak
TCF3,gene_top100,0.031007751937984496,129,200.81618910941688,weak
TCF3,gene_top200,0.03875968992248062,129,200.81618910941688,weak
TCF3,gene_top500,0.03875968992248062,129,200.81618910941688,weak
TET1,gene_direct,0.04145936981757877,603,232.87286137233968,weak
TET1,h1_mean,0.13598673300165837,603,232.87286137233968,weak
TET1,gene_top50,0.04643449419568822,603,232.87286137233968,weak
TET1,gene_top100,0.05140961857379768,603,232.87286137233968,weak
TET1,gene_top200,0.04809286898839138,603,232.87286137233968,weak
TET1,gene_top500,0.04311774461028192,603,232.87286137233968,weak
TFAM,gene_direct,0.4300202839756592,4437,564.0038374622382,strong
TFAM,h1_mean,0.599053414469236,4437,564.0038374622382,strong
TFAM,gene_top50,0.25400045075501465,4437,564.0038374622382,strong
TFAM,gene_top100,0.25400045075501465,4437,564.0038374622382,strong
TFAM,gene_top200,0.2578318683795357,4437,564.0038374622382,strong
TFAM,gene_top500,0.26707234617985126,4437,564.0038374622382,strong
TMBIM6,gene_direct,0.043478260869565216,46,311.30374359352936,mid
TMBIM6,h1_mean,0.021739130434782608,46,311.30374359352936,mid
TMBIM6,gene_top50,0.043478260869565216,46,311.30374359352936,mid
TMBIM6,gene_top100,0.043478260869565216,46,311.30374359352936,mid
TMBIM6,gene_top200,0.043478260869565216,46,311.30374359352936,mid
TMBIM6,gene_top500,0.043478260869565216,46,311.30374359352936,mid
TMSB10,gene_direct,0.332495110366024,3579,588.4888747671866,strong
TMSB10,h1_mean,0.37692092763341717,3579,588.4888747671866,strong
TMSB10,gene_top50,0.21179100307348422,3579,588.4888747671866,strong
TMSB10,gene_top100,0.2154233025984912,3579,588.4888747671866,strong
TMSB10,gene_top200,0.2207320480581168,3579,588.4888747671866,strong
TMSB10,gene_top500,0.2330259849119866,3579,588.4888747671866,strong
TMSB4X,gene_direct,0.3333333333333333,3,120.07755070106396,weak
TMSB4X,h1_mean,0.0,3,120.07755070106396,weak
TMSB4X,gene_top50,0.3333333333333333,3,120.07755070106396,weak
TMSB4X,gene_top100,0.3333333333333333,3,120.07755070106396,weak
TMSB4X,gene_top200,0.3333333333333333,3,120.07755070106396,weak
TMSB4X,gene_top500,0.3333333333333333,3,120.07755070106396,weak
TRAM2,gene_direct,0.010638297872340425,94,174.28470698669844,weak
TRAM2,h1_mean,0.010638297872340425,94,174.28470698669844,weak
TRAM2,gene_top50,0.010638297872340425,94,174.28470698669844,weak
TRAM2,gene_top100,0.010638297872340425,94,174.28470698669844,weak
TRAM2,gene_top200,0.010638297872340425,94,174.28470698669844,weak
TRAM2,gene_top500,0.010638297872340425,94,174.28470698669844,weak
TRAPPC6A,gene_direct,0.1461038961038961,1848,486.008787808345,mid
TRAPPC6A,h1_mean,0.23593073593073594,1848,486.008787808345,mid
TRAPPC6A,gene_top50,0.10551948051948051,1848,486.008787808345,mid
TRAPPC6A,gene_top100,0.10714285714285714,1848,486.008787808345,mid
TRAPPC6A,gene_top200,0.1130952380952381,1848,486.008787808345,mid
TRAPPC6A,gene_top500,0.11904761904761904,1848,486.008787808345,mid
TSC22D4,gene_direct,0.09876543209876543,648,258.07255078431444,weak
TSC22D4,h1_mean,0.25462962962962965,648,258.07255078431444,weak
TSC22D4,gene_top50,0.037037037037037035,648,258.07255078431444,weak
TSC22D4,gene_top100,0.046296296296296294,648,258.07255078431444,weak
TSC22D4,gene_top200,0.06327160493827161,648,258.07255078431444,weak
TSC22D4,gene_top500,0.09567901234567901,648,258.07255078431444,weak
TWF2,gene_direct,0.058823529411764705,17,163.2695293108336,weak
TWF2,h1_mean,0.0,17,163.2695293108336,weak
TWF2,gene_top50,0.058823529411764705,17,163.2695293108336,weak
TWF2,gene_top100,0.058823529411764705,17,163.2695293108336,weak
TWF2,gene_top200,0.058823529411764705,17,163.2695293108336,weak
TWF2,gene_top500,0.058823529411764705,17,163.2695293108336,weak
TXNDC9,gene_direct,0.20235148514851486,1616,446.9957310429345,mid
TXNDC9,h1_mean,0.43626237623762376,1616,446.9957310429345,mid
TXNDC9,gene_top50,0.09158415841584158,1616,446.9957310429345,mid
TXNDC9,gene_top100,0.09653465346534654,1616,446.9957310429345,mid
TXNDC9,gene_top200,0.09962871287128713,1616,446.9957310429345,mid
TXNDC9,gene_top500,0.11943069306930693,1616,446.9957310429345,mid
UBE3C,gene_direct,0.3932733050847458,3776,467.76099780562254,mid
UBE3C,h1_mean,0.5998411016949152,3776,467.76099780562254,mid
UBE3C,gene_top50,0.2184851694915254,3776,467.76099780562254,mid
UBE3C,gene_top100,0.2232521186440678,3776,467.76099780562254,mid
UBE3C,gene_top200,0.2301377118644068,3776,467.76099780562254,mid
UBE3C,gene_top500,0.24735169491525424,3776,467.76099780562254,mid
UQCRQ,gene_direct,0.2335958005249344,1905,364.05020865149345,mid
UQCRQ,h1_mean,0.26824146981627295,1905,364.05020865149345,mid
UQCRQ,gene_top50,0.11811023622047244,1905,364.05020865149345,mid
UQCRQ,gene_top100,0.12335958005249344,1905,364.05020865149345,mid
UQCRQ,gene_top200,0.12650918635170605,1905,364.05020865149345,mid
UQCRQ,gene_top500,0.14330708661417324,1905,364.05020865149345,mid
USP22,gene_direct,0.10644257703081232,1071,273.3545315794436,weak
USP22,h1_mean,0.21008403361344538,1071,273.3545315794436,weak
USP22,gene_top50,0.059757236227824466,1071,273.3545315794436,weak
USP22,gene_top100,0.06069094304388422,1071,273.3545315794436,weak
USP22,gene_top200,0.06909430438842204,1071,273.3545315794436,weak
USP22,gene_top500,0.08403361344537816,1071,273.3545315794436,weak
WSB2,gene_direct,0.22088974854932303,2585,483.6653583672887,mid
WSB2,h1_mean,0.3470019342359768,2585,483.6653583672887,mid
WSB2,gene_top50,0.14893617021276595,2585,483.6653583672887,mid
WSB2,gene_top100,0.1493230174081238,2585,483.6653583672887,mid
WSB2,gene_top200,0.1539651837524178,2585,483.6653583672887,mid
WSB2,gene_top500,0.15473887814313347,2585,483.6653583672887,mid
XRCC4,gene_direct,0.3935672514619883,3420,545.1461258159507,strong
XRCC4,h1_mean,0.554093567251462,3420,545.1461258159507,strong
XRCC4,gene_top50,0.19210526315789472,3420,545.1461258159507,strong
XRCC4,gene_top100,0.19415204678362574,3420,545.1461258159507,strong
XRCC4,gene_top200,0.204093567251462,3420,545.1461258159507,strong
XRCC4,gene_top500,0.21725146198830408,3420,545.1461258159507,strong
ZNF286A,gene_direct,0.0,8,153.49909710791326,weak
ZNF286A,h1_mean,0.0,8,153.49909710791326,weak
ZNF286A,gene_top50,0.0,8,153.49909710791326,weak
ZNF286A,gene_top100,0.0,8,153.49909710791326,weak
ZNF286A,gene_top200,0.0,8,153.49909710791326,weak
ZNF286A,gene_top500,0.0,8,153.49909710791326,weak
ZNF426,gene_direct,0.07692307692307693,13,152.70478025201373,weak
ZNF426,h1_mean,0.0,13,152.70478025201373,weak
ZNF426,gene_top50,0.07692307692307693,13,152.70478025201373,weak
ZNF426,gene_top100,0.07692307692307693,13,152.70478025201373,weak
ZNF426,gene_top200,0.07692307692307693,13,152.70478025201373,weak
ZNF426,gene_top500,0.07692307692307693,13,152.70478025201373,weak
ZNF562,gene_direct,0.07142857142857142,28,251.011677527782,weak
ZNF562,h1_mean,0.0,28,251.011677527782,weak
ZNF562,gene_top50,0.07142857142857142,28,251.011677527782,weak
ZNF562,gene_top100,0.07142857142857142,28,251.011677527782,weak
ZNF562,gene_top200,0.07142857142857142,28,251.011677527782,weak
ZNF562,gene_top500,0.07142857142857142,28,251.011677527782,weak
ZNF593,gene_direct,0.12409927942353884,1249,346.44585712932894,mid
ZNF593,h1_mean,0.300240192153723,1249,346.44585712932894,mid
ZNF593,gene_top50,0.07526020816653323,1249,346.44585712932894,mid
ZNF593,gene_top100,0.08086469175340272,1249,346.44585712932894,mid
ZNF593,gene_top200,0.08726981585268215,1249,346.44585712932894,mid
ZNF593,gene_top500,0.0976781425140112,1249,346.44585712932894,mid
ZNF714,gene_direct,0.03571428571428571,28,178.8126795892167,weak
ZNF714,h1_mean,0.03571428571428571,28,178.8126795892167,weak
ZNF714,gene_top50,0.03571428571428571,28,178.8126795892167,weak
ZNF714,gene_top100,0.03571428571428571,28,178.8126795892167,weak
ZNF714,gene_top200,0.03571428571428571,28,178.8126795892167,weak
ZNF714,gene_top500,0.03571428571428571,28,178.8126795892167,weak
