pert,lam,pds,des
ACAT2,0.0,0.38,0.3364251692153422
ACAT2,0.25,0.6599999999999999,0.33792930559037354
ACAT2,0.5,0.6,0.3459513662572073
ACAT2,1.0,0.5533333333333333,0.3700175482577087
ACAT2,2.0,0.5266666666666666,0.39659062421659563
ACVR1B,0.0,0.62,0.06240713224368499
ACVR1B,0.25,0.52,0.05943536404160475
ACVR1B,0.5,0.4866666666666667,0.0713224368499257
ACVR1B,1.0,0.5066666666666666,0.11292719167904904
ACVR1B,2.0,0.5266666666666666,0.1649331352154532
AKT2,0.0,0.6133333333333333,0.07380073800738007
AKT2,0.25,0.3666666666666667,0.07749077490774908
AKT2,0.5,0.3666666666666667,0.07380073800738007
AKT2,1.0,0.38,0.06826568265682657
AKT2,2.0,0.3733333333333333,0.0959409594095941
ARID1A,0.0,0.30666666666666664,0.29098837209302325
ARID1A,0.25,0.3733333333333333,0.2933139534883721
ARID1A,0.5,0.45333333333333337,0.30959302325581395
ARID1A,1.0,0.5133333333333333,0.3436046511627907
ARID1A,2.0,0.52,0.37383720930232556
ATM,0.0,0.2733333333333333,0.30752621838371375
ATM,0.25,0.033333333333333326,0.30999383096853794
ATM,0.5,0.020000000000000018,0.31369524984577424
ATM,1.0,0.013333333333333308,0.33682911782850095
ATM,2.0,0.013333333333333308,0.36644046884639114
ATP6V0B,0.0,0.6333333333333333,0.03571428571428571
ATP6V0B,0.25,0.5733333333333333,0.03571428571428571
ATP6V0B,0.5,0.5333333333333333,0.03571428571428571
ATP6V0B,1.0,0.52,0.03571428571428571
ATP6V0B,2.0,0.5,0.03571428571428571
ATP6V0C,0.0,0.1466666666666666,0.07142857142857142
ATP6V0C,0.25,0.6866666666666666,0.07142857142857142
ATP6V0C,0.5,0.6733333333333333,0.07142857142857142
ATP6V0C,1.0,0.6533333333333333,0.061224489795918366
ATP6V0C,2.0,0.62,0.05102040816326531
BIRC2,0.0,0.4,0.46287927695287284
BIRC2,0.25,0.86,0.4734237142242307
BIRC2,0.5,0.8333333333333334,0.49967721110393803
BIRC2,1.0,0.8066666666666666,0.53539918226813
BIRC2,2.0,0.8,0.5883365612222939
BRD9,0.0,0.19999999999999996,0.06299212598425197
BRD9,0.25,0.8733333333333333,0.05905511811023622
BRD9,0.5,0.86,0.047244094488188976
BRD9,1.0,0.86,0.06299212598425197
BRD9,2.0,0.8666666666666667,0.0984251968503937
C1QBP,0.0,0.9933333333333333,0.48429822687459945
C1QBP,0.25,0.8866666666666667,0.49391155735953857
C1QBP,0.5,0.8666666666666667,0.5039521469771416
C1QBP,1.0,0.86,0.5263832514419996
C1QBP,2.0,0.84,0.5697500534073916
CALM3,0.0,0.64,0.11402359108781127
CALM3,0.25,0.053333333333333344,0.11533420707732635
CALM3,0.5,0.033333333333333326,0.11009174311926606
CALM3,1.0,0.033333333333333326,0.10222804718217562
CALM3,2.0,0.026666666666666616,0.11926605504587157
CASP2,0.0,0.8733333333333333,0.05555555555555555
CASP2,0.25,0.3933333333333333,0.05555555555555555
CASP2,0.5,0.2733333333333333,0.05555555555555555
CASP2,1.0,0.22666666666666668,0.05555555555555555
CASP2,2.0,0.19999999999999996,0.05555555555555555
CASP3,0.0,0.26,0.5997504289502418
CASP3,0.25,0.94,0.6142567462174388
CASP3,0.5,0.8933333333333333,0.6239276243955701
CASP3,1.0,0.9,0.6340664482919981
CASP3,2.0,0.9066666666666666,0.6521603493994697
CAST,0.0,0.5066666666666666,0.23946994794131565
CAST,0.25,0.7466666666666666,0.2423095125414103
CAST,0.5,0.7066666666666667,0.25319451017510647
CAST,1.0,0.6599999999999999,0.3009938476100331
CAST,2.0,0.6466666666666667,0.3819214387127307
CDCA2,0.0,0.7266666666666667,0.02158273381294964
CDCA2,0.25,0.17333333333333334,0.03597122302158273
CDCA2,0.5,0.1333333333333333,0.039568345323741004
CDCA2,1.0,0.12,0.050359712230215826
CDCA2,2.0,0.12,0.08633093525179857
CENPO,0.0,0.7,0.09142053445850915
CENPO,0.25,0.7133333333333334,0.09845288326300984
CENPO,0.5,0.64,0.11392405063291139
CENPO,1.0,0.6133333333333333,0.1659634317862166
CENPO,2.0,0.6333333333333333,0.24613220815752462
CHMP3,0.0,0.28,0.21288515406162464
CHMP3,0.25,0.42666666666666664,0.2203548085901027
CHMP3,0.5,0.44666666666666666,0.2222222222222222
CHMP3,1.0,0.44666666666666666,0.22549019607843138
CHMP3,2.0,0.43333333333333335,0.23669467787114845
CLDN6,0.0,0.7933333333333333,0.0
CLDN6,0.25,0.1333333333333333,0.0
CLDN6,0.5,0.09333333333333338,0.0
CLDN6,1.0,0.08666666666666667,0.034482758620689655
CLDN6,2.0,0.07999999999999996,0.034482758620689655
CLDN7,0.0,0.76,0.024489795918367346
CLDN7,0.25,0.45999999999999996,0.024489795918367346
CLDN7,0.5,0.4066666666666666,0.024489795918367346
CLDN7,1.0,0.33999999999999997,0.024489795918367346
CLDN7,2.0,0.31999999999999995,0.061224489795918366
CREG1,0.0,0.9466666666666667,0.047619047619047616
CREG1,0.25,0.41333333333333333,0.047619047619047616
CREG1,0.5,0.3533333333333334,0.047619047619047616
CREG1,1.0,0.33333333333333337,0.047619047619047616
CREG1,2.0,0.31333333333333335,0.047619047619047616
DAXX,0.0,0.9866666666666667,0.13
DAXX,0.25,0.76,0.13636363636363635
DAXX,0.5,0.6266666666666667,0.15363636363636363
DAXX,1.0,0.5466666666666666,0.18727272727272729
DAXX,2.0,0.52,0.22181818181818183
DHCR24,0.0,0.7866666666666666,0.033444816053511704
DHCR24,0.25,0.45333333333333337,0.026755852842809364
DHCR24,0.5,0.3933333333333333,0.023411371237458192
DHCR24,1.0,0.3733333333333333,0.030100334448160536
DHCR24,2.0,0.3466666666666667,0.056856187290969896
DHX36,0.0,1.0,0.6541091781643671
DHX36,0.25,1.0,0.6596280743851229
DHX36,0.5,0.9933333333333333,0.6670665866826635
DHX36,1.0,0.9466666666666667,0.6829034193161367
DHX36,2.0,0.9066666666666666,0.6963407318536293
DLG5,0.0,0.4933333333333333,0.10170940170940171
DLG5,0.25,0.6133333333333333,0.1094017094017094
DLG5,0.5,0.56,0.11452991452991453
DLG5,1.0,0.5466666666666666,0.152991452991453
DLG5,2.0,0.5466666666666666,0.2076923076923077
DNAJA3,0.0,0.9933333333333333,0.3316633266533066
DNAJA3,0.25,0.98,0.35370741482965934
DNAJA3,0.5,0.98,0.3777555110220441
DNAJA3,1.0,0.9533333333333334,0.41583166332665333
DNAJA3,2.0,0.9533333333333334,0.4664328657314629
DNMT1,0.0,0.08666666666666667,0.5840143003064351
DNMT1,0.25,0.6799999999999999,0.5910367722165475
DNMT1,0.5,0.7333333333333334,0.6009959141981613
DNMT1,1.0,0.7533333333333333,0.6128702757916241
DNMT1,2.0,0.76,0.6311287027579162
EID2,0.0,0.8733333333333333,0.07142857142857142
EID2,0.25,0.1466666666666666,0.07142857142857142
EID2,0.5,0.09999999999999998,0.07142857142857142
EID2,1.0,0.09333333333333338,0.07142857142857142
EID2,2.0,0.09999999999999998,0.0
EIF4B,0.0,0.98,0.3887331124139689
EIF4B,0.25,0.6133333333333333,0.39765485597756817
EIF4B,0.5,0.5466666666666666,0.40836094825388736
EIF4B,1.0,0.4933333333333333,0.4274789701758858
EIF4B,2.0,0.42000000000000004,0.4384399694111649
EPB41L2,0.0,0.98,0.32767402376910015
EPB41L2,0.25,1.0,0.3341822297679683
EPB41L2,0.5,0.9933333333333333,0.34748160724391625
EPB41L2,1.0,0.8733333333333333,0.3692699490662139
EPB41L2,2.0,0.76,0.3754951895868704
EPHB4,0.0,0.2666666666666667,0.3263582966226138
EPHB4,0.25,0.9333333333333333,0.33737151248164465
EPHB4,0.5,0.92,0.3590308370044053
EPHB4,1.0,0.9,0.42694566813509544
EPHB4,2.0,0.9,0.49045521292217326
ETV4,0.0,0.4733333333333334,0.2563422945853843
ETV4,0.25,0.7933333333333333,0.2589928057553957
ETV4,0.5,0.8066666666666666,0.2593714502082545
ETV4,1.0,0.7866666666666666,0.2639151836425596
ETV4,2.0,0.7466666666666666,0.27906096175691025
EWSR1,0.0,1.0,0.507661799170723
EWSR1,0.25,0.8266666666666667,0.5036956913647016
EWSR1,0.5,0.18666666666666665,0.5036956913647016
EWSR1,1.0,0.033333333333333326,0.5078420767982693
EWSR1,2.0,0.020000000000000018,0.5278528934559221
FDPS,0.0,0.2666666666666667,0.3334437086092715
FDPS,0.25,0.9066666666666666,0.33741721854304635
FDPS,0.5,0.8733333333333333,0.3443708609271523
FDPS,1.0,0.8466666666666667,0.3665562913907285
FDPS,2.0,0.84,0.41788079470198675
FOXH1,0.0,0.6466666666666667,0.018255578093306288
FOXH1,0.25,0.16000000000000003,0.02636916835699797
FOXH1,0.5,0.18000000000000005,0.030425963488843813
FOXH1,1.0,0.2533333333333333,0.060851926977687626
FOXH1,2.0,0.31333333333333335,0.08113590263691683
GSK3B,0.0,0.5866666666666667,0.2172211350293542
GSK3B,0.25,0.8933333333333333,0.2191780821917808
GSK3B,0.5,0.78,0.23796477495107632
GSK3B,1.0,0.6866666666666666,0.26731898238747553
GSK3B,2.0,0.6533333333333333,0.2958904109589041
HAT1,0.0,0.6599999999999999,0.08171206225680934
HAT1,0.25,0.4866666666666667,0.08819714656290532
HAT1,0.5,0.4666666666666667,0.08949416342412451
HAT1,1.0,0.4666666666666667,0.0907911802853437
HAT1,2.0,0.48,0.11154345006485085
HIRA,0.0,0.9066666666666666,0.08771929824561403
HIRA,0.25,0.6,0.08270676691729323
HIRA,0.5,0.56,0.08270676691729323
HIRA,1.0,0.5466666666666666,0.09774436090225563
HIRA,2.0,0.52,0.12781954887218044
HMGB2,0.0,0.43333333333333335,0.49396267837541163
HMGB2,0.25,0.8066666666666666,0.49571899012074644
HMGB2,0.5,0.7466666666666666,0.5115257958287596
HMGB2,1.0,0.7466666666666666,0.529967069154775
HMGB2,2.0,0.7466666666666666,0.5729967069154775
HMGN1,0.0,0.9666666666666667,0.1
HMGN1,0.25,0.2666666666666667,0.1
HMGN1,0.5,0.18666666666666665,0.1
HMGN1,1.0,0.15333333333333332,0.1
HMGN1,2.0,0.1466666666666666,0.1
HSBP1,0.0,0.26,0.1473010064043916
HSBP1,0.25,0.88,0.1537053979871912
HSBP1,0.5,0.8466666666666667,0.16742909423604757
HSBP1,1.0,0.8333333333333334,0.2031107044830741
HSBP1,2.0,0.8266666666666667,0.25709057639524246
IDE,0.0,0.9666666666666667,0.16666666666666666
IDE,0.25,0.5,0.16666666666666666
IDE,0.5,0.4666666666666667,0.25
IDE,1.0,0.45999999999999996,0.25
IDE,2.0,0.44666666666666666,0.25
IGF2R,0.0,0.9866666666666667,0.14285714285714285
IGF2R,0.25,0.22666666666666668,0.14285714285714285
IGF2R,0.5,0.15333333333333332,0.14285714285714285
IGF2R,1.0,0.1266666666666667,0.14285714285714285
IGF2R,2.0,0.12,0.07142857142857142
IKBKG,0.0,0.6866666666666666,0.06528189910979229
IKBKG,0.25,0.6333333333333333,0.06528189910979229
IKBKG,0.5,0.5866666666666667,0.05637982195845697
IKBKG,1.0,0.5666666666666667,0.0830860534124629
IKBKG,2.0,0.5733333333333333,0.1543026706231454
INSIG1,0.0,0.4,0.4636546184738956
INSIG1,0.25,0.7933333333333333,0.47289156626506024
INSIG1,0.5,0.7666666666666666,0.4819277108433735
INSIG1,1.0,0.7466666666666666,0.5
INSIG1,2.0,0.7333333333333334,0.5271084337349398
IRF3,0.0,0.84,0.06896551724137931
IRF3,0.25,0.42666666666666664,0.06896551724137931
IRF3,0.5,0.38,0.06896551724137931
IRF3,1.0,0.3733333333333333,0.06896551724137931
IRF3,2.0,0.3866666666666667,0.06896551724137931
KAT2A,0.0,0.21999999999999997,0.6179560649474689
KAT2A,0.25,0.9666666666666667,0.6294173829990449
KAT2A,0.5,0.9,0.6321462682494201
KAT2A,1.0,0.8266666666666667,0.6365124846500204
KAT2A,2.0,0.76,0.6408787010506208
KDM1A,0.0,1.0,0.775405892964522
KDM1A,0.25,1.0,0.7848266185608338
KDM1A,0.5,1.0,0.787632792142714
KDM1A,1.0,1.0,0.7902385247544598
KDM1A,2.0,1.0,0.799859691320906
KDM2B,0.0,0.6533333333333333,0.17162329615861213
KDM2B,0.25,0.6599999999999999,0.17596034696406443
KDM2B,0.5,0.6266666666666667,0.18773234200743494
KDM2B,1.0,0.6133333333333333,0.25154894671623296
KDM2B,2.0,0.6066666666666667,0.3066914498141264
KIF1B,0.0,0.9666666666666667,0.15384615384615385
KIF1B,0.25,0.36,0.15384615384615385
KIF1B,0.5,0.29333333333333333,0.15384615384615385
KIF1B,1.0,0.30666666666666664,0.15384615384615385
KIF1B,2.0,0.30000000000000004,0.15384615384615385
KIF20A,0.0,0.9333333333333333,0.37924392005778956
KIF20A,0.25,0.86,0.3828557669154828
KIF20A,0.5,0.84,0.38767156272574044
KIF20A,1.0,0.8200000000000001,0.402841319528052
KIF20A,2.0,0.7133333333333334,0.423308451721647
KLF10,0.0,0.6533333333333333,0.5362935928629359
KLF10,0.25,0.7666666666666666,0.5508921330089214
KLF10,0.5,0.7466666666666666,0.5640713706407137
KLF10,1.0,0.7266666666666667,0.5865774533657745
KLF10,2.0,0.7266666666666667,0.6137469586374696
LRPPRC,0.0,0.6533333333333333,0.3988979396262578
LRPPRC,0.25,0.9533333333333334,0.39913751796837565
LRPPRC,0.5,0.8866666666666667,0.4180642069956876
LRPPRC,1.0,0.8333333333333334,0.4590321034978438
LRPPRC,2.0,0.8133333333333334,0.5155725922376617
LZTR1,0.0,0.9666666666666667,0.37011137011137013
LZTR1,0.25,0.8666666666666667,0.3828023828023828
LZTR1,0.5,0.8,0.4066304066304066
LZTR1,1.0,0.7733333333333333,0.44548044548044546
LZTR1,2.0,0.74,0.4845894845894846
MAP1B,0.0,0.6333333333333333,0.07142857142857142
MAP1B,0.25,0.12,0.07142857142857142
MAP1B,0.5,0.09999999999999998,0.07142857142857142
MAP1B,1.0,0.09999999999999998,0.07142857142857142
MAP1B,2.0,0.09999999999999998,0.07142857142857142
MAP3K7,0.0,0.88,0.05714285714285714
MAP3K7,0.25,0.19999999999999996,0.05714285714285714
MAP3K7,0.5,0.15333333333333332,0.05714285714285714
MAP3K7,1.0,0.16000000000000003,0.05714285714285714
MAP3K7,2.0,0.16666666666666663,0.08571428571428572
MAPKAPK2,0.0,0.9866666666666667,0.13333333333333333
MAPKAPK2,0.25,0.33333333333333337,0.13333333333333333
MAPKAPK2,0.5,0.28,0.13333333333333333
MAPKAPK2,1.0,0.2733333333333333,0.13333333333333333
MAPKAPK2,2.0,0.2733333333333333,0.13333333333333333
MAST2,0.0,0.7533333333333333,0.0
MAST2,0.25,0.33999999999999997,0.0
MAST2,0.5,0.31333333333333335,0.03333333333333333
MAST2,1.0,0.33999999999999997,0.03333333333333333
MAST2,2.0,0.3533333333333334,0.03333333333333333
MAU2,0.0,0.8666666666666667,0.5658791129149152
MAU2,0.25,0.9,0.5713871575590665
MAU2,0.5,0.9,0.581098709957965
MAU2,1.0,0.9,0.5947238730250761
MAU2,2.0,0.88,0.6160313088853457
MBTPS1,0.0,1.0,0.460298266827892
MBTPS1,0.25,0.9266666666666666,0.48589278516727125
MBTPS1,0.5,0.9066666666666666,0.5159209995969367
MBTPS1,1.0,0.8866666666666667,0.5578395808141878
MBTPS1,2.0,0.88,0.5933091495364772
MED1,0.0,0.8933333333333333,0.4435920577617328
MED1,0.25,0.8733333333333333,0.4499097472924188
MED1,0.5,0.8666666666666667,0.45374548736462095
MED1,1.0,0.8666666666666667,0.47382671480144406
MED1,2.0,0.86,0.5119584837545126
MED12,0.0,0.6599999999999999,0.24692405600339415
MED12,0.25,0.6666666666666667,0.25074246924056004
MED12,0.5,0.6333333333333333,0.25286380992787444
MED12,1.0,0.62,0.25795502757742894
MED12,2.0,0.6133333333333333,0.2761985574883326
MED13,0.0,0.36,0.20721412125863392
MED13,0.25,0.7133333333333334,0.21488871834228704
MED13,0.5,0.6666666666666667,0.22601688411358403
MED13,1.0,0.6466666666666667,0.27321565617805066
MED13,2.0,0.6133333333333333,0.3211818879508826
MED13L,0.0,0.72,0.042505592841163314
MED13L,0.25,0.5333333333333333,0.0447427293064877
MED13L,0.5,0.4866666666666667,0.042505592841163314
MED13L,1.0,0.4666666666666667,0.04697986577181208
MED13L,2.0,0.44666666666666666,0.08501118568232663
MED24,0.0,0.24,0.5480769230769231
MED24,0.25,0.9666666666666667,0.5516025641025641
MED24,0.5,0.94,0.559775641025641
MED24,1.0,0.9266666666666666,0.5793269230769231
MED24,2.0,0.9266666666666666,0.6088141025641025
METTL14,0.0,1.0,0.739218833600856
METTL14,0.25,1.0,0.7478865703584805
METTL14,0.5,1.0,0.755056179775281
METTL14,1.0,1.0,0.7605136436597111
METTL14,2.0,0.9933333333333333,0.7685393258426966
METTL17,0.0,0.9933333333333333,0.5597763525735898
METTL17,0.25,0.9333333333333333,0.5786877158362111
METTL17,0.5,0.8866666666666667,0.6015457983884229
METTL17,1.0,0.8933333333333333,0.6331195527051472
METTL17,2.0,0.8933333333333333,0.6809735240914323
METTL3,0.0,0.9933333333333333,0.7449315359303683
METTL3,0.25,0.9933333333333333,0.7539539327035346
METTL3,0.5,0.9933333333333333,0.7577751831015815
METTL3,1.0,0.9933333333333333,0.7628701836323108
METTL3,2.0,0.9866666666666667,0.7746523723596221
MKI67,0.0,0.7266666666666667,0.02564102564102564
MKI67,0.25,0.07999999999999996,0.02564102564102564
MKI67,0.5,0.046666666666666634,0.02564102564102564
MKI67,1.0,0.046666666666666634,0.02564102564102564
MKI67,2.0,0.046666666666666634,0.05128205128205128
MTA1,0.0,0.6799999999999999,0.1741424802110818
MTA1,0.25,0.6466666666666667,0.1741424802110818
MTA1,0.5,0.5666666666666667,0.1820580474934037
MTA1,1.0,0.54,0.20514511873350924
MTA1,2.0,0.5333333333333333,0.24472295514511874
NCK2,0.0,1.0,0.0
NCK2,0.25,0.42000000000000004,0.125
NCK2,0.5,0.32666666666666666,0.125
NCK2,1.0,0.31333333333333335,0.125
NCK2,2.0,0.30000000000000004,0.0
NDUFB4,0.0,0.5266666666666666,0.1375985977212971
NDUFB4,0.25,0.3866666666666667,0.14285714285714285
NDUFB4,0.5,0.32666666666666666,0.14022787028921999
NDUFB4,1.0,0.2666666666666667,0.1437335670464505
NDUFB4,2.0,0.23333333333333328,0.1375985977212971
NDUFB6,0.0,0.6266666666666667,0.1316831683168317
NDUFB6,0.25,0.3533333333333334,0.12871287128712872
NDUFB6,0.5,0.2866666666666666,0.1306930693069307
NDUFB6,1.0,0.17333333333333334,0.1306930693069307
NDUFB6,2.0,0.14,0.12574257425742574
NISCH,0.0,1.0,0.049019607843137254
NISCH,0.25,0.22666666666666668,0.06862745098039216
NISCH,0.5,0.07333333333333336,0.06862745098039216
NISCH,1.0,0.053333333333333344,0.12254901960784313
NISCH,2.0,0.053333333333333344,0.1323529411764706
NIT1,0.0,0.18000000000000005,0.7093124456048738
NIT1,0.25,0.9466666666666667,0.7436279995026731
NIT1,0.5,0.9133333333333333,0.7386547308218326
NIT1,1.0,0.9133333333333333,0.7364167599154544
NIT1,2.0,0.9133333333333333,0.7391520576899167
NRAS,0.0,0.8733333333333333,0.13043478260869565
NRAS,0.25,0.22666666666666668,0.13043478260869565
NRAS,0.5,0.16000000000000003,0.13043478260869565
NRAS,1.0,0.1333333333333333,0.17391304347826086
NRAS,2.0,0.1333333333333333,0.13043478260869565
OXA1L,0.0,0.98,0.32835024025627335
OXA1L,0.25,0.9733333333333334,0.34543513080619326
OXA1L,0.5,0.96,0.3577148958889482
OXA1L,1.0,0.9533333333333334,0.38120662039508807
OXA1L,2.0,0.96,0.42658836091831287
OXCT1,0.0,0.52,0.294862518089725
OXCT1,0.25,0.7466666666666666,0.30390738060781475
OXCT1,0.5,0.7,0.3143994211287988
OXCT1,1.0,0.6799999999999999,0.3484081041968162
OXCT1,2.0,0.6599999999999999,0.3835021707670043
PAGR1,0.0,0.6799999999999999,0.047520661157024795
PAGR1,0.25,0.6799999999999999,0.045454545454545456
PAGR1,0.5,0.44666666666666666,0.045454545454545456
PAGR1,1.0,0.36,0.05991735537190083
PAGR1,2.0,0.2666666666666667,0.13016528925619836
PBX1,0.0,0.84,0.02564102564102564
PBX1,0.25,0.1466666666666666,0.02564102564102564
PBX1,0.5,0.1333333333333333,0.02564102564102564
PBX1,1.0,0.1466666666666666,0.02564102564102564
PBX1,2.0,0.1466666666666666,0.10256410256410256
PHF10,0.0,0.9666666666666667,0.248557944415312
PHF10,0.25,0.8333333333333334,0.26428945988463554
PHF10,0.5,0.7866666666666666,0.2716308337703199
PHF10,1.0,0.7533333333333333,0.3025694808599895
PHF10,2.0,0.7333333333333334,0.33560566334556896
PHF14,0.0,0.7,0.13657623947614594
PHF14,0.25,0.6666666666666667,0.1421889616463985
PHF14,0.5,0.6266666666666667,0.15434985968194576
PHF14,1.0,0.5933333333333333,0.16744621141253507
PHF14,2.0,0.6,0.2048643592142189
PLCB3,0.0,0.5800000000000001,0.1035007610350076
PLCB3,0.25,0.053333333333333344,0.1080669710806697
PLCB3,0.5,0.040000000000000036,0.106544901065449
PLCB3,1.0,0.040000000000000036,0.1050228310502283
PLCB3,2.0,0.040000000000000036,0.1171993911719939
PMS1,0.0,0.9066666666666666,0.6666666666666666
PMS1,0.25,0.3666666666666667,0.6666666666666666
PMS1,0.5,0.32666666666666666,0.6666666666666666
PMS1,1.0,0.29333333333333333,0.6666666666666666
PMS1,2.0,0.29333333333333333,0.6666666666666666
POLB,0.0,0.7666666666666666,0.011560693641618497
POLB,0.25,0.11333333333333329,0.005780346820809248
POLB,0.5,0.07333333333333336,0.005780346820809248
POLB,1.0,0.07333333333333336,0.005780346820809248
POLB,2.0,0.06666666666666665,0.03468208092485549
PRCP,0.0,1.0,0.0625
PRCP,0.25,0.2866666666666666,0.0625
PRCP,0.5,0.19333333333333336,0.0625
PRCP,1.0,0.18666666666666665,0.0625
PRCP,2.0,0.18000000000000005,0.125
PRDM14,0.0,0.013333333333333308,0.7108165429480382
PRDM14,0.25,0.9866666666666667,0.8056203605514316
PRDM14,0.5,1.0,0.8050901378579003
PRDM14,1.0,1.0,0.8025450689289502
PRDM14,2.0,0.9933333333333333,0.8022269353128314
PRR12,0.0,0.45999999999999996,0.1381118881118881
PRR12,0.25,0.5933333333333333,0.1486013986013986
PRR12,0.5,0.5666666666666667,0.155011655011655
PRR12,1.0,0.5466666666666666,0.19405594405594406
PRR12,2.0,0.54,0.25874125874125875
PTPN1,0.0,0.9133333333333333,0.1
PTPN1,0.25,0.42000000000000004,0.1
PTPN1,0.5,0.4,0.1
PTPN1,1.0,0.3933333333333333,0.1
PTPN1,2.0,0.3933333333333333,0.1
RAF1,0.0,0.5266666666666666,0.04
RAF1,0.25,0.23333333333333328,0.037894736842105266
RAF1,0.5,0.24,0.04421052631578947
RAF1,1.0,0.22666666666666668,0.05052631578947368
RAF1,2.0,0.17333333333333334,0.0863157894736842
RNF2,0.0,0.22666666666666668,0.5486100204177792
RNF2,0.25,0.7666666666666666,0.5575624312863201
RNF2,0.5,0.7866666666666666,0.5723260562274226
RNF2,1.0,0.8133333333333334,0.5809643474163656
RNF2,2.0,0.8066666666666666,0.5982409297942516
RNF20,0.0,1.0,0.3245501285347044
RNF20,0.25,1.0,0.32005141388174807
RNF20,0.5,0.9933333333333333,0.31876606683804626
RNF20,1.0,0.98,0.31748071979434445
RNF20,2.0,0.9333333333333333,0.31458868894601544
RRM1,0.0,0.5733333333333333,0.047058823529411764
RRM1,0.25,0.046666666666666634,0.04411764705882353
RRM1,0.5,0.033333333333333326,0.041176470588235294
RRM1,1.0,0.026666666666666616,0.03823529411764706
RRM1,2.0,0.033333333333333326,0.05
SAFB,0.0,0.42000000000000004,0.32048263684520306
SAFB,0.25,0.7666666666666666,0.3225426721600942
SAFB,0.5,0.74,0.3287227781047675
SAFB,1.0,0.7133333333333334,0.35609181871689227
SAFB,2.0,0.6866666666666666,0.38875809299587993
SALL4,0.0,0.09999999999999998,0.34541741128414605
SALL4,0.25,0.9066666666666666,0.3487362777635946
SALL4,0.5,0.9133333333333333,0.35154454940005103
SALL4,1.0,0.92,0.3755425070206791
SALL4,2.0,0.92,0.416645391881542
SDC1,0.0,0.9066666666666666,0.1606714628297362
SDC1,0.25,0.8066666666666666,0.17026378896882494
SDC1,0.5,0.7933333333333333,0.16546762589928057
SDC1,1.0,0.76,0.1774580335731415
SDC1,2.0,0.7466666666666666,0.19184652278177458
SEC62,0.0,0.9466666666666667,0.49111828825191767
SEC62,0.25,0.9466666666666667,0.5010092854259185
SEC62,0.5,0.9333333333333333,0.511707710940654
SEC62,1.0,0.9266666666666666,0.5361324182478805
SEC62,2.0,0.9133333333333333,0.5726685506661284
SHPRH,0.0,0.6133333333333333,0.2647058823529412
SHPRH,0.25,0.64,0.2647058823529412
SHPRH,0.5,0.6266666666666667,0.2647058823529412
SHPRH,1.0,0.62,0.2647058823529412
SHPRH,2.0,0.6266666666666667,0.23529411764705882
SIN3B,0.0,0.23333333333333328,0.6223105385774976
SIN3B,0.25,0.98,0.6350555022612032
SIN3B,0.5,0.96,0.6456077840208305
SIN3B,1.0,0.9333333333333333,0.6525969576538303
SIN3B,2.0,0.9,0.6591750034260655
SIX4,0.0,0.5866666666666667,0.03225806451612903
SIX4,0.25,0.38,0.03225806451612903
SIX4,0.5,0.3733333333333333,0.03225806451612903
SIX4,1.0,0.38,0.053763440860215055
SIX4,2.0,0.4066666666666666,0.06989247311827956
SLC25A3,0.0,0.2666666666666667,0.12990196078431374
SLC25A3,0.25,0.21333333333333337,0.13398692810457516
SLC25A3,0.5,0.18000000000000005,0.14133986928104575
SLC25A3,1.0,0.16000000000000003,0.14460784313725492
SLC25A3,2.0,0.15333333333333332,0.16176470588235295
SLC39A6,0.0,0.19333333333333336,0.6508686376104846
SLC39A6,0.25,1.0,0.6615361170374886
SLC39A6,0.5,0.9866666666666667,0.6654983236818043
SLC39A6,1.0,0.98,0.6747942700396221
SLC39A6,2.0,0.98,0.6975007619628162
SMAGP,0.0,0.6666666666666667,0.13400335008375208
SMAGP,0.25,0.76,0.13986599664991625
SMAGP,0.5,0.62,0.17336683417085427
SMAGP,1.0,0.5733333333333333,0.2202680067001675
SMAGP,2.0,0.54,0.24623115577889448
SMARCA4,0.0,0.046666666666666634,0.681316348195329
SMARCA4,0.25,0.8866666666666667,0.7669851380042463
SMARCA4,0.5,0.9666666666666667,0.7664543524416136
SMARCA4,1.0,0.9533333333333334,0.7650743099787686
SMARCA4,2.0,0.9533333333333334,0.7640127388535032
SMARCA5,0.0,0.15333333333333332,0.5560879368658399
SMARCA5,0.25,0.7866666666666666,0.5711668545659526
SMARCA5,0.5,0.8200000000000001,0.5796223224351748
SMARCA5,1.0,0.8200000000000001,0.5920236753100339
SMARCA5,2.0,0.8,0.6011837655016911
SOX2,0.0,0.07999999999999996,0.5634264538198404
SOX2,0.25,0.6333333333333333,0.5639965792474344
SOX2,0.5,0.8066666666666666,0.5715507411630558
SOX2,1.0,0.84,0.5820980615735462
SOX2,2.0,0.84,0.5910775370581528
SSBP1,0.0,0.9066666666666666,0.2955301071296638
SSBP1,0.25,0.88,0.30845954931658665
SSBP1,0.5,0.7866666666666666,0.3250831178426302
SSBP1,1.0,0.74,0.3786479497598818
SSBP1,2.0,0.7133333333333334,0.42851865533801253
STAG2,0.0,0.2733333333333333,0.4604051565377532
STAG2,0.25,0.8266666666666667,0.4677716390423573
STAG2,0.5,0.8066666666666666,0.4841620626151013
STAG2,1.0,0.8066666666666666,0.5086556169429097
STAG2,2.0,0.7866666666666666,0.5432780847145487
STAT1,0.0,0.9933333333333333,0.10526315789473684
STAT1,0.25,0.33333333333333337,0.10526315789473684
STAT1,0.5,0.2533333333333333,0.10526315789473684
STAT1,1.0,0.19999999999999996,0.10526315789473684
STAT1,2.0,0.19333333333333336,0.10526315789473684
STAT6,0.0,0.4866666666666667,0.08
STAT6,0.25,0.43999999999999995,0.08102564102564103
STAT6,0.5,0.42666666666666664,0.0841025641025641
STAT6,1.0,0.41333333333333333,0.09025641025641026
STAT6,2.0,0.4066666666666666,0.09435897435897436
STX4,0.0,0.7,0.06463878326996197
STX4,0.25,0.1266666666666667,0.06273764258555133
STX4,0.5,0.09999999999999998,0.06463878326996197
STX4,1.0,0.08666666666666667,0.08935361216730038
STX4,2.0,0.07999999999999996,0.10646387832699619
SUPT4H1,0.0,1.0,0.69327251995439
SUPT4H1,0.25,0.9866666666666667,0.6977194982896238
SUPT4H1,0.5,0.9866666666666667,0.7058152793614595
SUPT4H1,1.0,0.9866666666666667,0.7176738882554162
SUPT4H1,2.0,0.9866666666666667,0.7305587229190422
TADA1,0.0,0.6066666666666667,0.505800464037123
TADA1,0.25,0.9333333333333333,0.5119323831620816
TADA1,0.5,0.8866666666666667,0.5228704010606563
TADA1,1.0,0.8266666666666667,0.5372886973815048
TADA1,2.0,0.8066666666666666,0.5444149817699702
TAF13,0.0,1.0,0.4424389170151882
TAF13,0.25,1.0,0.4547655734096412
TAF13,0.5,0.9933333333333333,0.4734756768655074
TAF13,1.0,0.9866666666666667,0.5097952894563064
TAF13,2.0,0.96,0.5551397754787585
TARBP2,0.0,0.8,0.04326923076923077
TARBP2,0.25,0.23333333333333328,0.04807692307692308
TARBP2,0.5,0.19333333333333336,0.052884615384615384
TARBP2,1.0,0.20666666666666667,0.052884615384615384
TARBP2,2.0,0.20666666666666667,0.057692307692307696
TAZ,0.0,0.9333333333333333,0.11875
TAZ,0.25,0.8266666666666667,0.125
TAZ,0.5,0.6,0.1
TAZ,1.0,0.5133333333333333,0.1125
TAZ,2.0,0.48,0.10625
TCF3,0.0,0.76,0.03875968992248062
TCF3,0.25,0.1466666666666666,0.03875968992248062
TCF3,0.5,0.1333333333333333,0.03875968992248062
TCF3,1.0,0.1266666666666667,0.03875968992248062
TCF3,2.0,0.1266666666666667,0.03875968992248062
TET1,0.0,0.6866666666666666,0.04145936981757877
TET1,0.25,0.56,0.04643449419568822
TET1,0.5,0.52,0.05306799336650083
TET1,1.0,0.48,0.07131011608623548
TET1,2.0,0.4666666666666667,0.10613598673300166
TFAM,0.0,0.33999999999999997,0.4300202839756592
TFAM,0.25,0.9533333333333334,0.441965291863872
TFAM,0.5,0.8733333333333333,0.4678837052062204
TFAM,1.0,0.8266666666666667,0.524904214559387
TFAM,2.0,0.8133333333333334,0.5792201938246563
TMBIM6,0.0,0.5,0.043478260869565216
TMBIM6,0.25,0.07999999999999996,0.043478260869565216
TMBIM6,0.5,0.06666666666666665,0.043478260869565216
TMBIM6,1.0,0.06000000000000005,0.08695652173913043
TMBIM6,2.0,0.06000000000000005,0.06521739130434782
TMSB10,0.0,1.0,0.332495110366024
TMSB10,0.25,0.9,0.3327745180217938
TMSB10,0.5,0.7933333333333333,0.34143615535065663
TMSB10,1.0,0.6466666666666667,0.35596535345068453
TMSB10,2.0,0.56,0.35792120704107294
TMSB4X,0.0,0.9933333333333333,0.3333333333333333
TMSB4X,0.25,0.5266666666666666,0.3333333333333333
TMSB4X,0.5,0.43999999999999995,0.3333333333333333
TMSB4X,1.0,0.42666666666666664,0.3333333333333333
TMSB4X,2.0,0.42666666666666664,0.3333333333333333
TRAM2,0.0,0.9,0.010638297872340425
TRAM2,0.25,0.2466666666666667,0.02127659574468085
TRAM2,0.5,0.15333333333333332,0.02127659574468085
TRAM2,1.0,0.1266666666666667,0.031914893617021274
TRAM2,2.0,0.11333333333333329,0.031914893617021274
TRAPPC6A,0.0,0.29333333333333333,0.1461038961038961
TRAPPC6A,0.25,0.54,0.14664502164502163
TRAPPC6A,0.5,0.5533333333333333,0.15205627705627706
TRAPPC6A,1.0,0.52,0.17532467532467533
TRAPPC6A,2.0,0.5,0.20616883116883117
TSC22D4,0.0,0.98,0.09876543209876543
TSC22D4,0.25,0.6666666666666667,0.12191358024691358
TSC22D4,0.5,0.62,0.13425925925925927
TSC22D4,1.0,0.6133333333333333,0.1743827160493827
TSC22D4,2.0,0.62,0.22376543209876543
TWF2,0.0,0.88,0.058823529411764705
TWF2,0.25,0.33333333333333337,0.058823529411764705
TWF2,0.5,0.22666666666666668,0.058823529411764705
TWF2,1.0,0.22666666666666668,0.058823529411764705
TWF2,2.0,0.20666666666666667,0.058823529411764705
TXNDC9,0.0,0.56,0.20235148514851486
TXNDC9,0.25,0.8,0.2110148514851485
TXNDC9,0.5,0.74,0.21472772277227722
TXNDC9,1.0,0.7266666666666667,0.22896039603960397
TXNDC9,2.0,0.72,0.26113861386138615
UBE3C,0.0,0.9533333333333334,0.3932733050847458
UBE3C,0.25,0.8466666666666667,0.420021186440678
UBE3C,0.5,0.8133333333333334,0.4441207627118644
UBE3C,1.0,0.8133333333333334,0.4883474576271186
UBE3C,2.0,0.7866666666666666,0.5463453389830508
UQCRQ,0.0,0.6466666666666667,0.2335958005249344
UQCRQ,0.25,0.5333333333333333,0.24041994750656168
UQCRQ,0.5,0.48,0.2461942257217848
UQCRQ,1.0,0.4733333333333334,0.25406824146981627
UQCRQ,2.0,0.45999999999999996,0.2608923884514436
USP22,0.0,0.6599999999999999,0.10644257703081232
USP22,0.25,0.5333333333333333,0.10644257703081232
USP22,0.5,0.4666666666666667,0.10550887021475257
USP22,1.0,0.43333333333333335,0.13445378151260504
USP22,2.0,0.42000000000000004,0.17180205415499533
WSB2,0.0,0.4,0.22088974854932303
WSB2,0.25,0.7266666666666667,0.2239845261121857
WSB2,0.5,0.7066666666666667,0.2297872340425532
WSB2,1.0,0.6866666666666666,0.25647969052224373
WSB2,2.0,0.6799999999999999,0.29245647969052224
XRCC4,0.0,0.4066666666666666,0.3935672514619883
XRCC4,0.25,0.8200000000000001,0.4002923976608187
XRCC4,0.5,0.8,0.4070175438596491
XRCC4,1.0,0.7933333333333333,0.4330409356725146
XRCC4,2.0,0.7933333333333333,0.48157894736842105
ZNF286A,0.0,0.8733333333333333,0.0
ZNF286A,0.25,0.44666666666666666,0.0
ZNF286A,0.5,0.4,0.0
ZNF286A,1.0,0.3733333333333333,0.0
ZNF286A,2.0,0.3733333333333333,0.0
ZNF426,0.0,0.8733333333333333,0.07692307692307693
ZNF426,0.25,0.4,0.07692307692307693
ZNF426,0.5,0.36,0.07692307692307693
ZNF426,1.0,0.3466666666666667,0.07692307692307693
ZNF426,2.0,0.3466666666666667,0.07692307692307693
ZNF562,0.0,0.6666666666666667,0.07142857142857142
ZNF562,0.25,0.45999999999999996,0.07142857142857142
ZNF562,0.5,0.3733333333333333,0.07142857142857142
ZNF562,1.0,0.31333333333333335,0.10714285714285714
ZNF562,2.0,0.2866666666666666,0.10714285714285714
ZNF593,0.0,0.5933333333333333,0.12409927942353884
ZNF593,0.25,0.72,0.1345076060848679
ZNF593,0.5,0.6666666666666667,0.15852682145716573
ZNF593,1.0,0.64,0.20496397117694154
ZNF593,2.0,0.64,0.2682145716573259
ZNF714,0.0,0.8266666666666667,0.03571428571428571
ZNF714,0.25,0.3466666666666667,0.03571428571428571
ZNF714,0.5,0.30000000000000004,0.03571428571428571
ZNF714,1.0,0.29333333333333333,0.03571428571428571
ZNF714,2.0,0.2733333333333333,0.03571428571428571
