cell_barcode,target_gene,batch_var,guide_id,cell_type
AAACAAGCAACCTTGTACTTTAGG-Flex_1_01,CHMP3,Flex_1_01,CHMP3_P1P2_A|CHMP3_P1P2_B,ARC_H1
AAACAAGCATTGCCGCACTTTAGG-Flex_1_01,AKT2,Flex_1_01,AKT2_P1P2_A|AKT2_P1P2_B,ARC_H1
AAACCAATCAATGTTCACTTTAGG-Flex_1_01,SHPRH,Flex_1_01,SHPRH_P1P2_A|SHPRH_P1P2_B,ARC_H1
AAACCAATCCCTCGCTACTTTAGG-Flex_1_01,TMSB4X,Flex_1_01,TMSB4X_P1_A|TMSB4X_P1_B,ARC_H1
AAACCAATCTAAATCCACTTTAGG-Flex_1_01,KLF10,Flex_1_01,KLF10_P2_A|KLF10_P2_B,ARC_H1
AAACGGGCACCTAAGAACTTTAGG-Flex_1_01,TARBP2,Flex_1_01,TARBP2_P1P2_A|TARBP2_P1P2_B,ARC_H1
AAACGTTCACTAAGGCACTTTAGG-Flex_1_01,KDM2B,Flex_1_01,KDM2B_ENST00000377071.4_A|KDM2B_ENST00000377071.4_B,ARC_H1
AAACTGGGTAACCCATACTTTAGG-Flex_1_01,non-targeting,Flex_1_01,non-targeting_00021|non-targeting_03430,ARC_H1
AAACTGGGTAATGTCCACTTTAGG-Flex_1_01,SV2A,Flex_1_01,SV2A_P1P2_A|SV2A_P1P2_B,ARC_H1
AAACTGGGTTGCATCGACTTTAGG-Flex_1_01,CLDN6,Flex_1_01,CLDN6_P1P2_A|CLDN6_P1P2_B,ARC_H1
AAACTGGGTTTGACTAACTTTAGG-Flex_1_01,TCF3,Flex_1_01,TCF3_P1P2_A|TCF3_P1P2_B,ARC_H1
AAACTGTCAATAAGCTACTTTAGG-Flex_1_01,ANTXR1,Flex_1_01,ANTXR1_P1P2_A|ANTXR1_P1P2_B,ARC_H1
AAACTGTCAGATAACTACTTTAGG-Flex_1_01,NDUFB6,Flex_1_01,NDUFB6_P1P2_A|NDUFB6_P1P2_B,ARC_H1
AAACTGTCATCAAGCAACTTTAGG-Flex_1_01,TMSB4X,Flex_1_01,TMSB4X_P2_A|TMSB4X_P2_B,ARC_H1
AAAGATGCACCGGTAGACTTTAGG-Flex_1_01,TADA1,Flex_1_01,TADA1_P1P2_A|TADA1_P1P2_B,ARC_H1
AAAGCATGTACGTCCAACTTTAGG-Flex_1_01,TARBP2,Flex_1_01,TARBP2_P1P2_A|TARBP2_P1P2_B,ARC_H1
AAAGCATGTTGTCATAACTTTAGG-Flex_1_01,non-targeting,Flex_1_01,non-targeting_00077|non-targeting_01678,ARC_H1
AAAGCATGTTTATCGAACTTTAGG-Flex_1_01,MED12,Flex_1_01,MED12_P1P2_A|MED12_P1P2_B,ARC_H1
AAAGCGAAGAATGGCTACTTTAGG-Flex_1_01,CAMSAP2,Flex_1_01,CAMSAP2_P1P2_A|CAMSAP2_P1P2_B,ARC_H1
AAAGCGAAGCGCTACTACTTTAGG-Flex_1_01,IDE,Flex_1_01,IDE_P1P2_A|IDE_P1P2_B,ARC_H1
AAAGCGAAGCTAAATGACTTTAGG-Flex_1_01,non-targeting,Flex_1_01,non-targeting_00047|non-targeting_00882,ARC_H1
AAAGCGAAGCTAGCCTACTTTAGG-Flex_1_01,TARBP2,Flex_1_01,TARBP2_P1P2_A|TARBP2_P1P2_B,ARC_H1
AAAGCGAAGGGCGGTTACTTTAGG-Flex_1_01,non-targeting,Flex_1_01,non-targeting_00116|non-targeting_02560,ARC_H1
AAAGCGAAGTTAGGGTACTTTAGG-Flex_1_01,PRCP,Flex_1_01,PRCP_P1_A|PRCP_P1_B,ARC_H1
AAAGGCAAGCAAATCAACTTTAGG-Flex_1_01,WFS1,Flex_1_01,WFS1_P1P2_A|WFS1_P1P2_B,ARC_H1
AAAGGGATCATGAGGTACTTTAGG-Flex_1_01,FOXH1,Flex_1_01,FOXH1_P1P2_A|FOXH1_P1P2_B,ARC_H1
AAAGGGATCCAGCTACACTTTAGG-Flex_1_01,SMARCA4,Flex_1_01,SMARCA4_P1P2_A|SMARCA4_P1P2_B,ARC_H1
AAAGGGATCCTGGAAGACTTTAGG-Flex_1_01,TARBP2,Flex_1_01,TARBP2_P1P2_A|TARBP2_P1P2_B,ARC_H1
AAAGGGATCTCCATCTACTTTAGG-Flex_1_01,TWF2,Flex_1_01,TWF2_P1P2_A|TWF2_P1P2_B,ARC_H1
AAAGGTACAAGGTGCTACTTTAGG-Flex_1_01,SAFB,Flex_1_01,SAFB_P1P2_A|SAFB_P1P2_B,ARC_H1
AAAGGTACACCTTCTCACTTTAGG-Flex_1_01,POLB,Flex_1_01,POLB_P1P2_A|POLB_P1P2_B,ARC_H1
AAAGGTACACGGTAACACTTTAGG-Flex_1_01,non-targeting,Flex_1_01,non-targeting_00018|non-targeting_00127,ARC_H1
AAAGGTACAGCACCTCACTTTAGG-Flex_1_01,TSC22D4,Flex_1_01,TSC22D4_P1P2_A|TSC22D4_P1P2_B,ARC_H1
AAAGGTACAGCGATCGACTTTAGG-Flex_1_01,ACVR1B,Flex_1_01,ACVR1B_P1P2_A|ACVR1B_P1P2_B,ARC_H1
AAAGGTACAGGCTATAACTTTAGG-Flex_1_01,PMS1,Flex_1_01,PMS1_P1P2_A|PMS1_P1P2_B,ARC_H1
AAAGGTACATTCTGTAACTTTAGG-Flex_1_01,non-targeting,Flex_1_01,non-targeting_00121|non-targeting_00339,ARC_H1
AAAGGTGAGCGGCTTTACTTTAGG-Flex_1_01,FOXH1,Flex_1_01,FOXH1_P1P2_A|FOXH1_P1P2_B,ARC_H1
AAAGGTGAGGTCAATAACTTTAGG-Flex_1_01,NISCH,Flex_1_01,NISCH_P1P2_A|NISCH_P1P2_B,ARC_H1
AAAGTAGCAGCTAGCGACTTTAGG-Flex_1_01,INSIG1,Flex_1_01,INSIG1_P1P2_A|INSIG1_P1P2_B,ARC_H1
AAAGTCATCAGCGAATACTTTAGG-Flex_1_01,TADA1,Flex_1_01,TADA1_P1P2_A|TADA1_P1P2_B,ARC_H1
AAAGTCATCATGGAACACTTTAGG-Flex_1_01,non-targeting,Flex_1_01,non-targeting_00057|non-targeting_00277,ARC_H1
AAAGTCATCCCATTGAACTTTAGG-Flex_1_01,PRCP,Flex_1_01,PRCP_P1_A|PRCP_P1_B,ARC_H1
AAAGTCATCGCCTATAACTTTAGG-Flex_1_01,DHCR24,Flex_1_01,DHCR24_P1P2_A|DHCR24_P1P2_B,ARC_H1
AAAGTGCTCCGGATAGACTTTAGG-Flex_1_01,MAP3K7,Flex_1_01,MAP3K7_P1P2_A|MAP3K7_P1P2_B,ARC_H1
AAATCACCAAGTTGCAACTTTAGG-Flex_1_01,TMSB10,Flex_1_01,TMSB10_P1P2_A|TMSB10_P1P2_B,ARC_H1
AAATCACCACAGGCTGACTTTAGG-Flex_1_01,SMARCA5,Flex_1_01,SMARCA5_P1P2_A|SMARCA5_P1P2_B,ARC_H1
AAATCACCACTTCGATACTTTAGG-Flex_1_01,STAG2,Flex_1_01,STAG2_P2_A|STAG2_P2_B,ARC_H1
AAATCACCATCAAGCAACTTTAGG-Flex_1_01,IDE,Flex_1_01,IDE_P1P2_A|IDE_P1P2_B,ARC_H1
AAATCCTTCAGCTACCACTTTAGG-Flex_1_01,FOXH1,Flex_1_01,FOXH1_P1P2_A|FOXH1_P1P2_B,ARC_H1
AAATCCTTCCTGGATCACTTTAGG-Flex_1_01,ZNF426,Flex_1_01,ZNF426_P1P2_A|ZNF426_P1P2_B,ARC_H1
AAATCCTTCTGGAAACACTTTAGG-Flex_1_01,DNMT1,Flex_1_01,DNMT1_P1P2_A|DNMT1_P1P2_B,ARC_H1
AAATCGATCAATCCTGACTTTAGG-Flex_1_01,MAP3K7,Flex_1_01,MAP3K7_P1P2_A|MAP3K7_P1P2_B,ARC_H1
AAATCGATCGAAGGCCACTTTAGG-Flex_1_01,non-targeting,Flex_1_01,non-targeting_00095|non-targeting_03143,ARC_H1
AAATCGATCGGTAAGTACTTTAGG-Flex_1_01,non-targeting,Flex_1_01,non-targeting_00005|non-targeting_01689,ARC_H1
AAATCGATCTCAGCTAACTTTAGG-Flex_1_01,SSBP1,Flex_1_01,SSBP1_P1P2_A|SSBP1_P1P2_B,ARC_H1
AAATGAGCACATTCGTACTTTAGG-Flex_1_01,HIRA,Flex_1_01,HIRA_P1_A|HIRA_P1_B,ARC_H1
AAATGAGCACATTGAGACTTTAGG-Flex_1_01,TADA1,Flex_1_01,TADA1_P1P2_A|TADA1_P1P2_B,ARC_H1
AAATGAGCAGGCTATAACTTTAGG-Flex_1_01,non-targeting,Flex_1_01,non-targeting_00026|non-targeting_02263,ARC_H1
AAATGAGCATTTGGGAACTTTAGG-Flex_1_01,USP22,Flex_1_01,USP22_P1P2_A|USP22_P1P2_B,ARC_H1
AAATGGTGTATGGGACACTTTAGG-Flex_1_01,DNMT1,Flex_1_01,DNMT1_P1P2_A|DNMT1_P1P2_B,ARC_H1
AACAAGCTCAACCTCAACTTTAGG-Flex_1_01,non-targeting,Flex_1_01,non-targeting_00024|non-targeting_03061,ARC_H1
AACAAGCTCATCCAGCACTTTAGG-Flex_1_01,TMSB4X,Flex_1_01,TMSB4X_P2_A|TMSB4X_P2_B,ARC_H1
AACAAGCTCCAATAGAACTTTAGG-Flex_1_01,PBX1,Flex_1_01,PBX1_P1P2_A|PBX1_P1P2_B,ARC_H1
AACAAGCTCCGCCATGACTTTAGG-Flex_1_01,PMS1,Flex_1_01,PMS1_P1P2_A|PMS1_P1P2_B,ARC_H1
AACAAGCTCTAATGGAACTTTAGG-Flex_1_01,EID2,Flex_1_01,EID2_P1P2_A|EID2_P1P2_B,ARC_H1
AACACTAAGGGCGGAAACTTTAGG-Flex_1_01,POLB,Flex_1_01,POLB_P1P2_A|POLB_P1P2_B,ARC_H1
AACATAGTCGATTACTACTTTAGG-Flex_1_01,TADA1,Flex_1_01,TADA1_P1P2_A|TADA1_P1P2_B,ARC_H1
AACATAGTCGCTTCGGACTTTAGG-Flex_1_01,KAT2A,Flex_1_01,KAT2A_P1P2_A|KAT2A_P1P2_B,ARC_H1
AACATTGAGATAGCCGACTTTAGG-Flex_1_01,MAPKAPK2,Flex_1_01,MAPKAPK2_P1P2_A|MAPKAPK2_P1P2_B,ARC_H1
AACATTGAGCAATTGAACTTTAGG-Flex_1_01,SMARCA4,Flex_1_01,SMARCA4_P1P2_A|SMARCA4_P1P2_B,ARC_H1
AACATTGAGTAACGGTACTTTAGG-Flex_1_01,non-targeting,Flex_1_01,non-targeting_00054|non-targeting_01095,ARC_H1
AACCAAATCTAAGTAGACTTTAGG-Flex_1_01,SRC,Flex_1_01,SRC_P1P2_A|SRC_P1P2_B,ARC_H1
AACCAAATCTGCAACCACTTTAGG-Flex_1_01,HSBP1,Flex_1_01,HSBP1_P1P2_A|HSBP1_P1P2_B,ARC_H1
AACCAACAGCAAAGCTACTTTAGG-Flex_1_01,non-targeting,Flex_1_01,non-targeting_00077|non-targeting_01678,ARC_H1
AACCAACAGCTTCCTTACTTTAGG-Flex_1_01,KLF10,Flex_1_01,KLF10_P2_A|KLF10_P2_B,ARC_H1
AACCAACAGGTGAATCACTTTAGG-Flex_1_01,non-targeting,Flex_1_01,non-targeting_00062|non-targeting_02518,ARC_H1
AACCAGGTCAGGCCAAACTTTAGG-Flex_1_01,MED13,Flex_1_01,MED13_P1P2_A|MED13_P1P2_B,ARC_H1
AACCAGGTCTAGTTACACTTTAGG-Flex_1_01,SMARCA4,Flex_1_01,SMARCA4_P1P2_A|SMARCA4_P1P2_B,ARC_H1
AACCATAAGCGAGTTGACTTTAGG-Flex_1_01,ZNF593,Flex_1_01,ZNF593_P1P2_A|ZNF593_P1P2_B,ARC_H1
AACCATAAGCTACGTCACTTTAGG-Flex_1_01,non-targeting,Flex_1_01,non-targeting_00065|non-targeting_02434,ARC_H1
AACCATAAGCTTCTAGACTTTAGG-Flex_1_01,non-targeting,Flex_1_01,non-targeting_00018|non-targeting_00127,ARC_H1
AACCATTTCCATCCTTACTTTAGG-Flex_1_01,TET1,Flex_1_01,TET1_P1P2_A|TET1_P1P2_B,ARC_H1
AACCATTTCGACCCATACTTTAGG-Flex_1_01,HIRA,Flex_1_01,HIRA_P1_A|HIRA_P1_B,ARC_H1
AACCCGGCAAAGACCCACTTTAGG-Flex_1_01,KDR,Flex_1_01,KDR_P1P2_A|KDR_P1P2_B,ARC_H1
AACCCGGCAGTAAGTTACTTTAGG-Flex_1_01,EIF4B,Flex_1_01,EIF4B_P1P2_A|EIF4B_P1P2_B,ARC_H1
AACCCGGCAGTGAGAGACTTTAGG-Flex_1_01,SIX4,Flex_1_01,SIX4_P1P2_A|SIX4_P1P2_B,ARC_H1
AACCCGGCATAACCGAACTTTAGG-Flex_1_01,MAPKAPK2,Flex_1_01,MAPKAPK2_P1P2_A|MAPKAPK2_P1P2_B,ARC_H1
AACCCGGCATTCTGTAACTTTAGG-Flex_1_01,TADA1,Flex_1_01,TADA1_P1P2_A|TADA1_P1P2_B,ARC_H1
AACCTAAAGGTCTTGCACTTTAGG-Flex_1_01,TFAM,Flex_1_01,TFAM_P1P2_A|TFAM_P1P2_B,ARC_H1
AACCTATTCTGGAACGACTTTAGG-Flex_1_01,MAST2,Flex_1_01,MAST2_P1P2_A|MAST2_P1P2_B,ARC_H1
AACCTCATCATCGATTACTTTAGG-Flex_1_01,TMSB4X,Flex_1_01,TMSB4X_P1_A|TMSB4X_P1_B,ARC_H1
AACCTGCTCCGCCACAACTTTAGG-Flex_1_01,KDM2B,Flex_1_01,KDM2B_ENST00000377069.4_A|KDM2B_ENST00000377069.4_B,ARC_H1
AACCTGCTCCTGATCAACTTTAGG-Flex_1_01,SMAGP,Flex_1_01,SMAGP_P1P2_A|SMAGP_P1P2_B,ARC_H1
AACCTGCTCCTGCCAGACTTTAGG-Flex_1_01,CAST,Flex_1_01,CAST_P1_A|CAST_P1_B,ARC_H1
AACCTGCTCGGGCAGTACTTTAGG-Flex_1_01,MTA1,Flex_1_01,MTA1_P1P2_A|MTA1_P1P2_B,ARC_H1
AACCTTTAGCAAGACTACTTTAGG-Flex_1_01,MAPKAPK2,Flex_1_01,MAPKAPK2_P1P2_A|MAPKAPK2_P1P2_B,ARC_H1
AACCTTTAGCGATGGCACTTTAGG-Flex_1_01,non-targeting,Flex_1_01,non-targeting_00057|non-targeting_00277,ARC_H1
AACCTTTAGGCTGTGAACTTTAGG-Flex_1_01,EIF4B,Flex_1_01,EIF4B_P1P2_A|EIF4B_P1P2_B,ARC_H1
AACCTTTAGGCTTAGGACTTTAGG-Flex_1_01,MAPKAPK2,Flex_1_01,MAPKAPK2_P1P2_A|MAPKAPK2_P1P2_B,ARC_H1
AACGGCTCACTAGCGGACTTTAGG-Flex_1_01,STAG2,Flex_1_01,STAG2_P1_A|STAG2_P1_B,ARC_H1
AACGGCTCATCAATCCACTTTAGG-Flex_1_01,SSBP1,Flex_1_01,SSBP1_P1P2_A|SSBP1_P1P2_B,ARC_H1
AACGGCTCATTTCATGACTTTAGG-Flex_1_01,ATP1B1,Flex_1_01,ATP1B1_P1P2_A|ATP1B1_P1P2_B,ARC_H1
AACGGTTAGTGCCCTGACTTTAGG-Flex_1_01,KIF20A,Flex_1_01,KIF20A_P1P2_A|KIF20A_P1P2_B,ARC_H1
AACGTTAAGCAAGACTACTTTAGG-Flex_1_01,KIF1B,Flex_1_01,KIF1B_P1P2_A|KIF1B_P1P2_B,ARC_H1
AACGTTAAGGTCTTGCACTTTAGG-Flex_1_01,NCK2,Flex_1_01,NCK2_P1P2_A|NCK2_P1P2_B,ARC_H1
AACGTTAAGGTGGATTACTTTAGG-Flex_1_01,KLF10,Flex_1_01,KLF10_P2_A|KLF10_P2_B,ARC_H1
AACGTTAAGTGCTGAGACTTTAGG-Flex_1_01,XRCC4,Flex_1_01,XRCC4_P1P2_A|XRCC4_P1P2_B,ARC_H1
AACGTTCGTCAAACTCACTTTAGG-Flex_1_01,non-targeting,Flex_1_01,non-targeting_00010|non-targeting_02551,ARC_H1
AACGTTCGTCGTCCAAACTTTAGG-Flex_1_01,non-targeting,Flex_1_01,non-targeting_00024|non-targeting_03061,ARC_H1
AACGTTCGTTCATTGAACTTTAGG-Flex_1_01,RNF2,Flex_1_01,RNF2_P1P2_A|RNF2_P1P2_B,ARC_H1
AACGTTCGTTGCACTGACTTTAGG-Flex_1_01,CHMP3,Flex_1_01,CHMP3_P1P2_A|CHMP3_P1P2_B,ARC_H1
AACGTTCGTTGTCATAACTTTAGG-Flex_1_01,TCF3,Flex_1_01,TCF3_P1P2_A|TCF3_P1P2_B,ARC_H1
AACTAACCAAGCTAATACTTTAGG-Flex_1_01,TFAM,Flex_1_01,TFAM_P1P2_A|TFAM_P1P2_B,ARC_H1
AACTAACCATTTGGCTACTTTAGG-Flex_1_01,NISCH,Flex_1_01,NISCH_P1P2_A|NISCH_P1P2_B,ARC_H1
AACTAAGTCCGTCCAGACTTTAGG-Flex_1_01,TSC22D4,Flex_1_01,TSC22D4_P1P2_A|TSC22D4_P1P2_B,ARC_H1
AACTAAGTCTAACCTGACTTTAGG-Flex_1_01,CASP3,Flex_1_01,CASP3_P1P2_A|CASP3_P1P2_B,ARC_H1
AACTCGCTCATGACAAACTTTAGG-Flex_1_01,TARBP2,Flex_1_01,TARBP2_P1P2_A|TARBP2_P1P2_B,ARC_H1
AACTGAATCGATATAGACTTTAGG-Flex_1_01,NISCH,Flex_1_01,NISCH_P1P2_A|NISCH_P1P2_B,ARC_H1
AACTGAATCTAGCGGAACTTTAGG-Flex_1_01,non-targeting,Flex_1_01,non-targeting_00005|non-targeting_01689,ARC_H1
AACTGAGGTCATCAGTACTTTAGG-Flex_1_01,ACVR1B,Flex_1_01,ACVR1B_P1P2_A|ACVR1B_P1P2_B,ARC_H1
AACTGAGGTGTTTGTAACTTTAGG-Flex_1_01,ACVR1B,Flex_1_01,ACVR1B_P1P2_A|ACVR1B_P1P2_B,ARC_H1
AACTGGCCATGGGTTAACTTTAGG-Flex_1_01,POLB,Flex_1_01,POLB_P1P2_A|POLB_P1P2_B,ARC_H1
AACTGGGTCAGGTTAAACTTTAGG-Flex_1_01,HMGN1,Flex_1_01,HMGN1_P1P2_A|HMGN1_P1P2_B,ARC_H1
AACTGGGTCATTTGCGACTTTAGG-Flex_1_01,non-targeting,Flex_1_01,non-targeting_00013|non-targeting_01297,ARC_H1
AACTGGGTCCCTCGCTACTTTAGG-Flex_1_01,ATP1B1,Flex_1_01,ATP1B1_P1P2_A|ATP1B1_P1P2_B,ARC_H1
AACTGGGTCGATATGAACTTTAGG-Flex_1_01,MED12,Flex_1_01,MED12_P1P2_A|MED12_P1P2_B,ARC_H1
AACTTACTCCACAACCACTTTAGG-Flex_1_01,GSK3B,Flex_1_01,GSK3B_P1P2_A|GSK3B_P1P2_B,ARC_H1
AACTTACTCCTTTGTCACTTTAGG-Flex_1_01,RAB3B,Flex_1_01,RAB3B_P1P2_A|RAB3B_P1P2_B,ARC_H1
AACTTCGTCAGCACCTACTTTAGG-Flex_1_01,SMARCA5,Flex_1_01,SMARCA5_P1P2_A|SMARCA5_P1P2_B,ARC_H1
AACTTCGTCAGTCTATACTTTAGG-Flex_1_01,non-targeting,Flex_1_01,non-targeting_00024|non-targeting_03061,ARC_H1
AACTTCGTCATCCAGCACTTTAGG-Flex_1_01,KLF10,Flex_1_01,KLF10_P2_A|KLF10_P2_B,ARC_H1
AACTTCGTCCCTCTCAACTTTAGG-Flex_1_01,non-targeting,Flex_1_01,non-targeting_00014|non-targeting_00031,ARC_H1
AACTTCGTCCTAAAGAACTTTAGG-Flex_1_01,non-targeting,Flex_1_01,non-targeting_00095|non-targeting_03143,ARC_H1
AACTTGTTCGCAGCAAACTTTAGG-Flex_1_01,STAG2,Flex_1_01,STAG2_P2_A|STAG2_P2_B,ARC_H1
AACTTGTTCTATTGACACTTTAGG-Flex_1_01,MED13L,Flex_1_01,MED13L_P1P2_A|MED13L_P1P2_B,ARC_H1
AACTTGTTCTGGAACGACTTTAGG-Flex_1_01,HMGB2,Flex_1_01,HMGB2_P1P2_A|HMGB2_P1P2_B,ARC_H1
AAGAATCGTAATGTCCACTTTAGG-Flex_1_01,DHX36,Flex_1_01,DHX36_P1P2_A|DHX36_P1P2_B,ARC_H1
AAGACAACATGACCAAACTTTAGG-Flex_1_01,IGF2R,Flex_1_01,IGF2R_P1P2_A|IGF2R_P1P2_B,ARC_H1
AAGACTCAGCCATAAAACTTTAGG-Flex_1_01,TMSB4X,Flex_1_01,TMSB4X_P1_A|TMSB4X_P1_B,ARC_H1
AAGACTCAGGTAGTTAACTTTAGG-Flex_1_01,HIRA,Flex_1_01,HIRA_P1_A|HIRA_P1_B,ARC_H1
AAGACTCAGTCAACAAACTTTAGG-Flex_1_01,MED13L,Flex_1_01,MED13L_P1P2_A|MED13L_P1P2_B,ARC_H1
AAGACTCAGTTGGCCTACTTTAGG-Flex_1_01,WFS1,Flex_1_01,WFS1_P1P2_A|WFS1_P1P2_B,ARC_H1
AAGCATGGTGCAGCTCACTTTAGG-Flex_1_01,non-targeting,Flex_1_01,non-targeting_00077|non-targeting_01678,ARC_H1
AAGCATGGTTTGACTAACTTTAGG-Flex_1_01,HAT1,Flex_1_01,HAT1_P1P2_A|HAT1_P1P2_B,ARC_H1
AAGCCTCTCAAAGGCTACTTTAGG-Flex_1_01,ZNF593,Flex_1_01,ZNF593_P1P2_A|ZNF593_P1P2_B,ARC_H1
AAGCCTCTCCCGTTGGACTTTAGG-Flex_1_01,ATP1B1,Flex_1_01,ATP1B1_P1P2_A|ATP1B1_P1P2_B,ARC_H1
AAGCCTCTCGCTTCGGACTTTAGG-Flex_1_01,USP22,Flex_1_01,USP22_P1P2_A|USP22_P1P2_B,ARC_H1
AAGCCTGAGCATCCCGACTTTAGG-Flex_1_01,STAT6,Flex_1_01,STAT6_P1P2_A|STAT6_P1P2_B,ARC_H1
AAGCCTGAGGCAATCGACTTTAGG-Flex_1_01,SMARCA5,Flex_1_01,SMARCA5_P1P2_A|SMARCA5_P1P2_B,ARC_H1
AAGCCTGAGGCCTTCGACTTTAGG-Flex_1_01,ARID1A,Flex_1_01,ARID1A_P1P2_A|ARID1A_P1P2_B,ARC_H1
AAGCCTGAGGTGCACAACTTTAGG-Flex_1_01,IGF2R,Flex_1_01,IGF2R_P1P2_A|IGF2R_P1P2_B,ARC_H1
AAGCCTGAGTGTCCACACTTTAGG-Flex_1_01,CDCA2,Flex_1_01,CDCA2_P1P2_A|CDCA2_P1P2_B,ARC_H1
AAGCCTGAGTTTGCATACTTTAGG-Flex_1_01,SNCA,Flex_1_01,SNCA_P1P2_A|SNCA_P1P2_B,ARC_H1
AAGCCTTGTTCCGTGAACTTTAGG-Flex_1_01,TRAM2,Flex_1_01,TRAM2_P1P2_A|TRAM2_P1P2_B,ARC_H1
AAGCGATTCACTGTCAACTTTAGG-Flex_1_01,ANTXR1,Flex_1_01,ANTXR1_P1P2_A|ANTXR1_P1P2_B,ARC_H1
AAGCGATTCAGGTAGTACTTTAGG-Flex_1_01,PRCP,Flex_1_01,PRCP_P1_A|PRCP_P1_B,ARC_H1
AAGCGATTCGCCACATACTTTAGG-Flex_1_01,FOXH1,Flex_1_01,FOXH1_P1P2_A|FOXH1_P1P2_B,ARC_H1
AAGCGGCTCATTTAGCACTTTAGG-Flex_1_01,non-targeting,Flex_1_01,non-targeting_00013|non-targeting_01297,ARC_H1
AAGCGGCTCCAACTATACTTTAGG-Flex_1_01,STAT1,Flex_1_01,STAT1_P1P2_A|STAT1_P1P2_B,ARC_H1
AAGCTAATCAAGGGTTACTTTAGG-Flex_1_01,ANTXR1,Flex_1_01,ANTXR1_P1P2_A|ANTXR1_P1P2_B,ARC_H1
AAGCTAATCAGGTTGGACTTTAGG-Flex_1_01,CDCA2,Flex_1_01,CDCA2_P1P2_A|CDCA2_P1P2_B,ARC_H1
AAGCTTAAGCAAGACTACTTTAGG-Flex_1_01,POLB,Flex_1_01,POLB_P1P2_A|POLB_P1P2_B,ARC_H1
AAGCTTAAGGCGAGAGACTTTAGG-Flex_1_01,TMSB4X,Flex_1_01,TMSB4X_P2_A|TMSB4X_P2_B,ARC_H1
AAGCTTAAGGTGAGGGACTTTAGG-Flex_1_01,TMBIM6,Flex_1_01,TMBIM6_P1P2_A|TMBIM6_P1P2_B,ARC_H1
AAGGACAAGAGGCGAGACTTTAGG-Flex_1_01,DHX36,Flex_1_01,DHX36_P1P2_A|DHX36_P1P2_B,ARC_H1
AAGGACAAGCATCTATACTTTAGG-Flex_1_01,PMEL,Flex_1_01,PMEL_P1P2_A|PMEL_P1P2_B,ARC_H1
AAGGACAAGCCTCTAAACTTTAGG-Flex_1_01,DAXX,Flex_1_01,DAXX_P2_A|DAXX_P2_B,ARC_H1
AAGGAGCAGCTGATTTACTTTAGG-Flex_1_01,PRDM14,Flex_1_01,PRDM14_P1P2_A|PRDM14_P1P2_B,ARC_H1
AAGGAGCAGTAACGGTACTTTAGG-Flex_1_01,non-targeting,Flex_1_01,non-targeting_00014|non-targeting_00031,ARC_H1
AAGGAGCAGTTTCACGACTTTAGG-Flex_1_01,non-targeting,Flex_1_01,non-targeting_00089|non-targeting_01490,ARC_H1
AAGGCCATCCTAATCGACTTTAGG-Flex_1_01,INSIG1,Flex_1_01,INSIG1_P1P2_A|INSIG1_P1P2_B,ARC_H1
AAGGCCATCGCCTCTCACTTTAGG-Flex_1_01,TET1,Flex_1_01,TET1_P1P2_A|TET1_P1P2_B,ARC_H1
AAGGCCATCGCGGATAACTTTAGG-Flex_1_01,NREP,Flex_1_01,NREP_P1P2_A|NREP_P1P2_B,ARC_H1
AAGGCTGTCACAACAAACTTTAGG-Flex_1_01,HIRA,Flex_1_01,HIRA_P1_A|HIRA_P1_B,ARC_H1
AAGGCTGTCACTATGTACTTTAGG-Flex_1_01,TET1,Flex_1_01,TET1_P1P2_A|TET1_P1P2_B,ARC_H1
AAGGCTGTCCCTGGTGACTTTAGG-Flex_1_01,CHMP3,Flex_1_01,CHMP3_P1P2_A|CHMP3_P1P2_B,ARC_H1
AAGGCTGTCCGGCTCAACTTTAGG-Flex_1_01,TARBP2,Flex_1_01,TARBP2_P1P2_A|TARBP2_P1P2_B,ARC_H1
AAGGCTGTCCTCCCACACTTTAGG-Flex_1_01,CREG1,Flex_1_01,CREG1_P1P2_A|CREG1_P1P2_B,ARC_H1
AAGGCTGTCGACCGTTACTTTAGG-Flex_1_01,SRC,Flex_1_01,SRC_P1P2_A|SRC_P1P2_B,ARC_H1
AAGGCTTAGGTCAATAACTTTAGG-Flex_1_01,MED13L,Flex_1_01,MED13L_P1P2_A|MED13L_P1P2_B,ARC_H1
AAGGCTTAGTCGTTCAACTTTAGG-Flex_1_01,KAT2A,Flex_1_01,KAT2A_P1P2_A|KAT2A_P1P2_B,ARC_H1
AAGGCTTAGTTAGTTCACTTTAGG-Flex_1_01,METTL14,Flex_1_01,METTL14_P1P2_A|METTL14_P1P2_B,ARC_H1
AAGGGAGGTAGCCCGTACTTTAGG-Flex_1_01,KDM2B,Flex_1_01,KDM2B_ENST00000377069.4_A|KDM2B_ENST00000377069.4_B,ARC_H1
AAGGGAGGTCCTTAGGACTTTAGG-Flex_1_01,RAF1,Flex_1_01,RAF1_P1P2_A|RAF1_P1P2_B,ARC_H1
AAGGGAGGTGCTGATTACTTTAGG-Flex_1_01,non-targeting,Flex_1_01,non-targeting_00021|non-targeting_03430,ARC_H1
AAGGGAGGTGGACCCTACTTTAGG-Flex_1_01,non-targeting,Flex_1_01,non-targeting_00027|non-targeting_00143,ARC_H1
AAGGGAGGTTCCGGGTACTTTAGG-Flex_1_01,FOXH1,Flex_1_01,FOXH1_P1P2_A|FOXH1_P1P2_B,ARC_H1
AAGGTATGTAAGGTTGACTTTAGG-Flex_1_01,NDUFB6,Flex_1_01,NDUFB6_P1P2_A|NDUFB6_P1P2_B,ARC_H1
AAGGTATGTAAGTCGAACTTTAGG-Flex_1_01,PRCP,Flex_1_01,PRCP_P1_A|PRCP_P1_B,ARC_H1
AAGGTATGTTGTTCCCACTTTAGG-Flex_1_01,MED13L,Flex_1_01,MED13L_P1P2_A|MED13L_P1P2_B,ARC_H1
AAGGTTATCAGGTTAAACTTTAGG-Flex_1_01,RRM1,Flex_1_01,RRM1_P1P2_A|RRM1_P1P2_B,ARC_H1
AAGGTTATCATGAGGTACTTTAGG-Flex_1_01,UQCRQ,Flex_1_01,UQCRQ_P1P2_A|UQCRQ_P1P2_B,ARC_H1
AAGGTTATCCAACTTGACTTTAGG-Flex_1_01,TMSB10,Flex_1_01,TMSB10_P1P2_A|TMSB10_P1P2_B,ARC_H1
AAGGTTATCTAACTACACTTTAGG-Flex_1_01,BIRC2,Flex_1_01,BIRC2_P1P2_A|BIRC2_P1P2_B,ARC_H1
AAGGTTGGTAATTTCGACTTTAGG-Flex_1_01,IKBKG,Flex_1_01,IKBKG_P1P2_A|IKBKG_P1P2_B,ARC_H1
AAGGTTGGTATTCGTAACTTTAGG-Flex_1_01,HMGN1,Flex_1_01,HMGN1_P1P2_A|HMGN1_P1P2_B,ARC_H1
AAGGTTGGTTCACCTCACTTTAGG-Flex_1_01,LRPPRC,Flex_1_01,LRPPRC_P1P2_A|LRPPRC_P1P2_B,ARC_H1
AAGTACCAGGTCGAGCACTTTAGG-Flex_1_01,USP22,Flex_1_01,USP22_P1P2_A|USP22_P1P2_B,ARC_H1
AAGTCATCAGGTAGCTACTTTAGG-Flex_1_01,non-targeting,Flex_1_01,non-targeting_00121|non-targeting_00339,ARC_H1
AAGTGAACAAGAACAAACTTTAGG-Flex_1_01,RNF2,Flex_1_01,RNF2_P1P2_A|RNF2_P1P2_B,ARC_H1
AAGTGAACATCACGAAACTTTAGG-Flex_1_01,KAT2A,Flex_1_01,KAT2A_P1P2_A|KAT2A_P1P2_B,ARC_H1
AAGTGAGAGTACCCACACTTTAGG-Flex_1_01,NCK2,Flex_1_01,NCK2_P1P2_A|NCK2_P1P2_B,ARC_H1
AAGTTCGCAGCCTTCAACTTTAGG-Flex_1_01,TMBIM6,Flex_1_01,TMBIM6_P1P2_A|TMBIM6_P1P2_B,ARC_H1
AAGTTGCAGTGAATCAACTTTAGG-Flex_1_01,non-targeting,Flex_1_01,non-targeting_00057|non-targeting_00277,ARC_H1
AAGTTGTCACTTAACCACTTTAGG-Flex_1_01,DNMT1,Flex_1_01,DNMT1_P1P2_A|DNMT1_P1P2_B,ARC_H1
AAGTTGTCAGGGCTATACTTTAGG-Flex_1_01,FOXH1,Flex_1_01,FOXH1_P1P2_A|FOXH1_P1P2_B,ARC_H1
AAGTTGTCATCCCTCTACTTTAGG-Flex_1_01,HAT1,Flex_1_01,HAT1_P1P2_A|HAT1_P1P2_B,ARC_H1
AATACTGAGTCCTCAAACTTTAGG-Flex_1_01,USP22,Flex_1_01,USP22_P1P2_A|USP22_P1P2_B,ARC_H1
AATACTGAGTTACATCACTTTAGG-Flex_1_01,SRC,Flex_1_01,SRC_P1P2_A|SRC_P1P2_B,ARC_H1
AATAGCATCAAAGGGAACTTTAGG-Flex_1_01,PMS1,Flex_1_01,PMS1_P1P2_A|PMS1_P1P2_B,ARC_H1
AATAGCATCGACCCATACTTTAGG-Flex_1_01,WFS1,Flex_1_01,WFS1_P1P2_A|WFS1_P1P2_B,ARC_H1
AATATGGTCATGATGAACTTTAGG-Flex_1_01,SDC1,Flex_1_01,SDC1_P1P2_A|SDC1_P1P2_B,ARC_H1
AATCACGCACTAGTAGACTTTAGG-Flex_1_01,PRCP,Flex_1_01,PRCP_P2_A|PRCP_P2_B,ARC_H1
AATCACGCATACTTGCACTTTAGG-Flex_1_01,MED13,Flex_1_01,MED13_P1P2_A|MED13_P1P2_B,ARC_H1
AATCCGGAGCCTGCCAACTTTAGG-Flex_1_01,SNCA,Flex_1_01,SNCA_P1P2_A|SNCA_P1P2_B,ARC_H1
AATCCGGAGGTTGCTCACTTTAGG-Flex_1_01,USP22,Flex_1_01,USP22_P1P2_A|USP22_P1P2_B,ARC_H1
AATCCGTGTCAATTCAACTTTAGG-Flex_1_01,ZNF714,Flex_1_01,ZNF714_P1P2_A|ZNF714_P1P2_B,ARC_H1
AATCCGTGTTGAATCCACTTTAGG-Flex_1_01,KAT2A,Flex_1_01,KAT2A_P1P2_A|KAT2A_P1P2_B,ARC_H1
AATCCGTGTTTCGCCTACTTTAGG-Flex_1_01,CASP2,Flex_1_01,CASP2_P1P2_A|CASP2_P1P2_B,ARC_H1
AATCGCACATGGCCGAACTTTAGG-Flex_1_01,UQCRQ,Flex_1_01,UQCRQ_P1P2_A|UQCRQ_P1P2_B,ARC_H1
AATCGCACATTGCGCCACTTTAGG-Flex_1_01,DAXX,Flex_1_01,DAXX_P2_A|DAXX_P2_B,ARC_H1
AATCGCCTCAGGAGCCACTTTAGG-Flex_1_01,CAMSAP2,Flex_1_01,CAMSAP2_P1P2_A|CAMSAP2_P1P2_B,ARC_H1
AATCGCCTCGAAGTTAACTTTAGG-Flex_1_01,TARBP2,Flex_1_01,TARBP2_P1P2_A|TARBP2_P1P2_B,ARC_H1
AATCGCGAGGAAACTCACTTTAGG-Flex_1_01,non-targeting,Flex_1_01,non-targeting_00014|non-targeting_00031,ARC_H1
AATCGGCCACCTACTGACTTTAGG-Flex_1_01,STX4,Flex_1_01,STX4_P1P2_A|STX4_P1P2_B,ARC_H1
AATCGGCCATCACGCCACTTTAGG-Flex_1_01,non-targeting,Flex_1_01,non-targeting_00005|non-targeting_01689,ARC_H1
AATCGTTTCACAGATAACTTTAGG-Flex_1_01,TMSB4X,Flex_1_01,TMSB4X_P1_A|TMSB4X_P1_B,ARC_H1
AATCGTTTCACGTTATACTTTAGG-Flex_1_01,non-targeting,Flex_1_01,non-targeting_00033|non-targeting_02025,ARC_H1
AATCGTTTCATGAATGACTTTAGG-Flex_1_01,DHX36,Flex_1_01,DHX36_P1P2_A|DHX36_P1P2_B,ARC_H1
AATCGTTTCATTATGCACTTTAGG-Flex_1_01,IRF3,Flex_1_01,IRF3_P1P2_A|IRF3_P1P2_B,ARC_H1
AATCGTTTCCTAAATCACTTTAGG-Flex_1_01,non-targeting,Flex_1_01,non-targeting_00065|non-targeting_02434,ARC_H1
AATCGTTTCTAATGGAACTTTAGG-Flex_1_01,CENPO,Flex_1_01,CENPO_P1P2_A|CENPO_P1P2_B,ARC_H1
AATCTCTAGATAGCCGACTTTAGG-Flex_1_01,non-targeting,Flex_1_01,non-targeting_00027|non-targeting_00143,ARC_H1
AATCTCTAGCACTACCACTTTAGG-Flex_1_01,USP22,Flex_1_01,USP22_P1P2_A|USP22_P1P2_B,ARC_H1
AATCTCTAGGTATAGCACTTTAGG-Flex_1_01,SMAGP,Flex_1_01,SMAGP_P1P2_A|SMAGP_P1P2_B,ARC_H1
AATGAAGCAAGAACAAACTTTAGG-Flex_1_01,TARBP2,Flex_1_01,TARBP2_P1P2_A|TARBP2_P1P2_B,ARC_H1
AATGAAGCAAGTTCCTACTTTAGG-Flex_1_01,NREP,Flex_1_01,NREP_P1P2_A|NREP_P1P2_B,ARC_H1
AATGACCAGCGAGGGAACTTTAGG-Flex_1_01,non-targeting,Flex_1_01,non-targeting_00116|non-targeting_02560,ARC_H1
AATGACCAGCTCGATCACTTTAGG-Flex_1_01,non-targeting,Flex_1_01,non-targeting_00065|non-targeting_02434,ARC_H1
AATGCGCCAGCTCGCTACTTTAGG-Flex_1_01,TFAM,Flex_1_01,TFAM_P1P2_A|TFAM_P1P2_B,ARC_H1
AATGGATGTTAGCATCACTTTAGG-Flex_1_01,non-targeting,Flex_1_01,non-targeting_00065|non-targeting_02434,ARC_H1
AATGGCAGTGCTCCAAACTTTAGG-Flex_1_01,TADA1,Flex_1_01,TADA1_P1P2_A|TADA1_P1P2_B,ARC_H1
AATGGCAGTTGTTTAGACTTTAGG-Flex_1_01,STAG2,Flex_1_01,STAG2_P1_A|STAG2_P1_B,ARC_H1
AATGTGATCATCCCAAACTTTAGG-Flex_1_01,EWSR1,Flex_1_01,EWSR1_P1P2_A|EWSR1_P1P2_B,ARC_H1
AATGTGATCATTGAAGACTTTAGG-Flex_1_01,PLCB3,Flex_1_01,PLCB3_P1P2_A|PLCB3_P1P2_B,ARC_H1
AATGTGATCCGGCTCAACTTTAGG-Flex_1_01,PHF14,Flex_1_01,PHF14_P1P2_A|PHF14_P1P2_B,ARC_H1
AATTACCTCGCGAAATACTTTAGG-Flex_1_01,TET1,Flex_1_01,TET1_P1P2_A|TET1_P1P2_B,ARC_H1
AATTACCTCTATTGACACTTTAGG-Flex_1_01,TARBP2,Flex_1_01,TARBP2_P1P2_A|TARBP2_P1P2_B,ARC_H1
AATTGACCACCTTACGACTTTAGG-Flex_1_01,TARBP2,Flex_1_01,TARBP2_P1P2_A|TARBP2_P1P2_B,ARC_H1
AATTTGGAGAAGGTCTACTTTAGG-Flex_1_01,MAU2,Flex_1_01,MAU2_P1P2_A|MAU2_P1P2_B,ARC_H1
AATTTGGAGCCTCTAAACTTTAGG-Flex_1_01,non-targeting,Flex_1_01,non-targeting_00021|non-targeting_03430,ARC_H1
AATTTGGAGCTTGAGGACTTTAGG-Flex_1_01,non-targeting,Flex_1_01,non-targeting_00077|non-targeting_01678,ARC_H1
ACAAACCAGATAATCGACTTTAGG-Flex_1_01,MTA1,Flex_1_01,MTA1_P1P2_A|MTA1_P1P2_B,ARC_H1
ACAAACCAGTTAGTTCACTTTAGG-Flex_1_01,PRCP,Flex_1_01,PRCP_P1_A|PRCP_P1_B,ARC_H1
ACAAAGGAGTTACTCGACTTTAGG-Flex_1_01,GSK3B,Flex_1_01,GSK3B_P1P2_A|GSK3B_P1P2_B,ARC_H1
ACAAAGGAGTTGCGGAACTTTAGG-Flex_1_01,TET1,Flex_1_01,TET1_P1P2_A|TET1_P1P2_B,ARC_H1
ACAACATCAAGACATTACTTTAGG-Flex_1_01,SV2A,Flex_1_01,SV2A_P1P2_A|SV2A_P1P2_B,ARC_H1
ACAACATCAGAAAGGTACTTTAGG-Flex_1_01,non-targeting,Flex_1_01,non-targeting_00106|non-targeting_02193,ARC_H1
ACAACATCAGCACGTGACTTTAGG-Flex_1_01,TAZ,Flex_1_01,TAZ_P1P2_A|TAZ_P1P2_B,ARC_H1
ACAACATCAGCTAAGCACTTTAGG-Flex_1_01,USP22,Flex_1_01,USP22_P1P2_A|USP22_P1P2_B,ARC_H1
ACAACCTGTCTATCTTACTTTAGG-Flex_1_01,XRCC4,Flex_1_01,XRCC4_P1P2_A|XRCC4_P1P2_B,ARC_H1
ACAACTTTCCCACATAACTTTAGG-Flex_1_01,non-targeting,Flex_1_01,non-targeting_00021|non-targeting_03430,ARC_H1
ACAAGGCGTACAAACGACTTTAGG-Flex_1_01,SRC,Flex_1_01,SRC_P1P2_A|SRC_P1P2_B,ARC_H1
ACAAGGCGTACCGTTGACTTTAGG-Flex_1_01,HSBP1,Flex_1_01,HSBP1_P1P2_A|HSBP1_P1P2_B,ARC_H1
ACAAGTATCGCGTTACACTTTAGG-Flex_1_01,PRCP,Flex_1_01,PRCP_P2_A|PRCP_P2_B,ARC_H1
ACAAGTATCTAAATCCACTTTAGG-Flex_1_01,PBX1,Flex_1_01,PBX1_P1P2_A|PBX1_P1P2_B,ARC_H1
ACAATGTCACAATACGACTTTAGG-Flex_1_01,PBX1,Flex_1_01,PBX1_P1P2_A|PBX1_P1P2_B,ARC_H1
ACAATGTCACCTAAGAACTTTAGG-Flex_1_01,DLG5,Flex_1_01,DLG5_P1P2_A|DLG5_P1P2_B,ARC_H1
ACAATGTCATTTCATGACTTTAGG-Flex_1_01,MAP3K7,Flex_1_01,MAP3K7_P1P2_A|MAP3K7_P1P2_B,ARC_H1
ACAATTGAGGAACTTAACTTTAGG-Flex_1_01,STAT1,Flex_1_01,STAT1_P1P2_A|STAT1_P1P2_B,ARC_H1
ACAATTGAGGTTGCTCACTTTAGG-Flex_1_01,TMSB4X,Flex_1_01,TMSB4X_P1_A|TMSB4X_P1_B,ARC_H1
ACAATTGAGTCAATGAACTTTAGG-Flex_1_01,CDCA2,Flex_1_01,CDCA2_P1P2_A|CDCA2_P1P2_B,ARC_H1
ACAATTGAGTGAGTCGACTTTAGG-Flex_1_01,TSC22D4,Flex_1_01,TSC22D4_P1P2_A|TSC22D4_P1P2_B,ARC_H1
ACACAAGGTCAGGATAACTTTAGG-Flex_1_01,PLCB3,Flex_1_01,PLCB3_P1P2_A|PLCB3_P1P2_B,ARC_H1
ACACAATCAACTAAGTACTTTAGG-Flex_1_01,LRPPRC,Flex_1_01,LRPPRC_P1P2_A|LRPPRC_P1P2_B,ARC_H1
ACACCAACAGAATGAAACTTTAGG-Flex_1_01,HMGB2,Flex_1_01,HMGB2_P1P2_A|HMGB2_P1P2_B,ARC_H1
ACACCGGCAAGGTTATACTTTAGG-Flex_1_01,ARID1A,Flex_1_01,ARID1A_P1P2_A|ARID1A_P1P2_B,ARC_H1
ACACCTATCGGGATGCACTTTAGG-Flex_1_01,PBX1,Flex_1_01,PBX1_P1P2_A|PBX1_P1P2_B,ARC_H1
ACACCTATCGTTCGTAACTTTAGG-Flex_1_01,TADA1,Flex_1_01,TADA1_P1P2_A|TADA1_P1P2_B,ARC_H1
ACACCTTCAAGTTAACACTTTAGG-Flex_1_01,CASP2,Flex_1_01,CASP2_P1P2_A|CASP2_P1P2_B,ARC_H1
ACACCTTCACCGGTAGACTTTAGG-Flex_1_01,EIF4B,Flex_1_01,EIF4B_P1P2_A|EIF4B_P1P2_B,ARC_H1
ACACCTTCAGCTACCCACTTTAGG-Flex_1_01,non-targeting,Flex_1_01,non-targeting_00020|non-targeting_01323,ARC_H1
ACACCTTCATAGCGACACTTTAGG-Flex_1_01,WFS1,Flex_1_01,WFS1_P1P2_A|WFS1_P1P2_B,ARC_H1
ACACCTTCATTACTTGACTTTAGG-Flex_1_01,LRPPRC,Flex_1_01,LRPPRC_P1P2_A|LRPPRC_P1P2_B,ARC_H1
ACACGCGCAAGTAAGAACTTTAGG-Flex_1_01,STAT1,Flex_1_01,STAT1_P1P2_A|STAT1_P1P2_B,ARC_H1
ACACGCGCACATTGAGACTTTAGG-Flex_1_01,non-targeting,Flex_1_01,non-targeting_00038|non-targeting_00083,ARC_H1
ACACGCGCACCGGCAAACTTTAGG-Flex_1_01,MED12,Flex_1_01,MED12_P1P2_A|MED12_P1P2_B,ARC_H1
ACAGCACCACACTAAGACTTTAGG-Flex_1_01,DNMT1,Flex_1_01,DNMT1_P1P2_A|DNMT1_P1P2_B,ARC_H1
ACAGCACCATTACACCACTTTAGG-Flex_1_01,TADA1,Flex_1_01,TADA1_P1P2_A|TADA1_P1P2_B,ARC_H1
ACAGCACCATTCGGTTACTTTAGG-Flex_1_01,IDE,Flex_1_01,IDE_P1P2_A|IDE_P1P2_B,ARC_H1
ACAGCCGCATAAGCCAACTTTAGG-Flex_1_01,MAPKAPK2,Flex_1_01,MAPKAPK2_P1P2_A|MAPKAPK2_P1P2_B,ARC_H1
ACAGCCGCATCAAGTGACTTTAGG-Flex_1_01,non-targeting,Flex_1_01,non-targeting_00125|non-targeting_02335,ARC_H1
ACAGCCGCATTCAACCACTTTAGG-Flex_1_01,MAPKAPK2,Flex_1_01,MAPKAPK2_P1P2_A|MAPKAPK2_P1P2_B,ARC_H1
ACAGCGGGTTCCGCAAACTTTAGG-Flex_1_01,DLG5,Flex_1_01,DLG5_P1P2_A|DLG5_P1P2_B,ARC_H1
ACAGGCATCGGTAACGACTTTAGG-Flex_1_01,non-targeting,Flex_1_01,non-targeting_00062|non-targeting_02518,ARC_H1
ACAGGCATCTGGGAATACTTTAGG-Flex_1_01,TMSB4X,Flex_1_01,TMSB4X_P1_A|TMSB4X_P1_B,ARC_H1
ACAGGTAGTAATGAACACTTTAGG-Flex_1_01,CLDN7,Flex_1_01,CLDN7_P1P2_A|CLDN7_P1P2_B,ARC_H1
ACAGGTAGTCAGTGCCACTTTAGG-Flex_1_01,KIF1B,Flex_1_01,KIF1B_P1P2_A|KIF1B_P1P2_B,ARC_H1
ACAGGTAGTGATGCAAACTTTAGG-Flex_1_01,CDCA2,Flex_1_01,CDCA2_P1P2_A|CDCA2_P1P2_B,ARC_H1
ACAGGTAGTTGACCCAACTTTAGG-Flex_1_01,PAGR1,Flex_1_01,PAGR1_P1P2_A|PAGR1_P1P2_B,ARC_H1
